詞彙,展開表,漢語拼音,詞類,注音,詞條編號,詞表詞條數
哎呀,哎呀,"āiyā ",Ptc,ㄞ　ㄧㄚ,高-1,1
哎喲,哎喲,"āiyāo ",Ptc,ㄞ　ㄧㄠ,高-2,2
愛好,愛好,"àihào ",N,ㄞˋ　ㄏㄠˋ,高-3,3
愛好,愛好,"àihào ",Vst,ㄞˋ　ㄏㄠˋ,高-4,4
愛護,愛護,"àihù ",Vst,ㄞˋ　ㄏㄨˋ,高-5,5
愛人,愛人,"àirén ",N,ㄞˋ　ㄖㄣˊ,高-6,6
安慰,安慰,"ānwèi ",V,ㄢ　ㄨㄟˋ,高-7,7
安裝,安裝,"ānzhuāng ",V,ㄢ　ㄓㄨㄤ,高-8,8
按,按,"àn ",V,ㄢˋ,高-9,9
按時,按時,"ànshí ",Adv,ㄢˋ　ㄕˊ,高-10,10
暗,暗,"àn ",Vs,ㄢˋ,高-11,11
暗中,暗中,"ànzhōng ",Adv,ㄢˋ　ㄓㄨㄥ,高-12,12
骯髒,骯髒,"āngzhāng ",Vs,ㄤ　ㄗㄤ,高-13,13
熬,熬,"áo ",V,ㄠˊ,高-14,14
拔,拔,"bá ",V,ㄅㄚˊ,高-15,15
把,把,"bă ",M,ㄅㄚˇ,高-16,16
把握,把握,"băwò ",N,ㄅㄚˇ　ㄨㄛˋ,高-17,17
罷工,罷工,"bàgōng ",Vi,ㄅㄚˋ　ㄍㄨㄥ,高-18,18
罷了,罷了,"bàle ",Ptc,ㄅㄚˋ　˙ㄌㄜ　（又音）ㄅㄚˋ　ㄌㄧㄠˇ,高-19,19
擺脫,擺脫,"băituō ",V,ㄅㄞˇ　ㄊㄨㄛ,高-20,20
敗,敗,"bài ",Vp,ㄅㄞˋ,高-21,21
拜,拜,"bài ",V,ㄅㄞˋ,高-22,22
拜拜(˙ㄅㄞ),拜拜(˙ㄅㄞ),"bàibai ",Vi,ㄅㄞˋ　˙ㄅㄞ,高-23,23
拜訪,拜訪,"bàifăng ",V,ㄅㄞˋ　ㄈㄤˇ,高-24,24
拜年,拜年,"bàinián ",V-sep,ㄅㄞˋ　ㄋㄧㄢˊ,高-25,25
拜託,拜託,"bàituō ",V,ㄅㄞˋ　ㄊㄨㄛ,高-26,26
般,般,"bān ",,ㄅㄢ,高-27,27
班,班,"bān ",M,ㄅㄢ,高-28,28
班長,班長,"bānzhăng ",N,ㄅㄢ　ㄓㄤˇ,高-29,29
搬運,搬運,"bānyùn ",V,ㄅㄢ　ㄩㄣˋ,高-30,30
拌,拌,"bàn ",V,ㄅㄢˋ,高-31,31
半路,半路,"bànlù ",N,ㄅㄢˋ　ㄌㄨˋ,高-32,32
半數,半數,"bànshù ",Det,ㄅㄢˋ　ㄕㄨˋ,高-33,33
辦公,辦公,"bàngōng ",Vi,ㄅㄢˋ　ㄍㄨㄥ,高-34,34
辦事,辦事,"bànshì ",Vi,ㄅㄢˋ　ㄕˋ,高-35,35
扮演,扮演,"bànyăn ",V,ㄅㄢˋ　ㄧㄢˇ,高-36,36
傍晚,傍晚,"bāngwăn ",N,ㄅㄤ　ㄨㄢˇ,高-37,37
磅,磅,"bàng ",M,ㄅㄤˋ,高-38,38
棒,棒,"bàng ",M,ㄅㄤˋ,高-39,39
棒子,棒子,"bàngzi ",N,ㄅㄤˋ　˙ㄗ,高-40,40
包裹,包裹,bāoguǒ,N,ㄅㄠ　ㄍㄨㄛˇ,高-41,41
包括,包括,"bāokuò ",Vst,ㄅㄠ　ㄍㄨㄚ,高-42,42
包裝,包裝,"bāozhuāng ",N,ㄅㄠ　ㄓㄨㄤ,高-43,43
包裝,包裝,"bāozhuāng ",V,ㄅㄠ　ㄓㄨㄤ,高-44,44
保,保,"băo ",V,ㄅㄠˇ,高-45,45
保持,保持,băochí,V,ㄅㄠˇ　ㄔˊ,高-46,46
保存,保存,băocún,V,ㄅㄠˇ　ㄘㄨㄣˊ,高-47,47
保留,保留,"băoliú ",V,ㄅㄠˇ　ㄌㄧㄡˊ,高-48,48
保衛,保衛,"băowèi ",V,ㄅㄠˇ　ㄨㄟˋ,高-49,49
保障,保障,"băozhàng ",N,ㄅㄠˇ　ㄓㄤˋ,高-50,50
保障,保障,"băozhàng ",V,ㄅㄠˇ　ㄓㄤˋ,高-51,51
寶寶(˙ㄅㄠ),寶寶(˙ㄅㄠ),băobao,N,ㄅㄠˇ　˙ㄅㄠ,高-52,52
抱,抱,"bào ",Vst,ㄅㄠˋ,高-53,53
報,報,"bào ",V,ㄅㄠˋ,高-54,54
報仇,報仇,bàochóu,V-sep,ㄅㄠˋ　ㄔㄡˊ,高-55,55
報答,報答,bàodá,Vpt,ㄅㄠˋ　ㄉㄚˊ,高-56,56
報導,報導,bàodăo,V,ㄅㄠˋ　ㄉㄠˇ,高-57,57
報到,報到,bàodào,Vi,ㄅㄠˋ　ㄉㄠˋ,高-58,58
報警,報警,"bàojĭng ",V-sep,ㄅㄠˋ　ㄐㄧㄥˇ,高-59,59
報社,報社,"bàoshè ",N,ㄅㄠˋ　ㄕㄜˋ,高-60,60
暴力,暴力,"bàolì ",N,ㄅㄠˋ　ㄌㄧˋ,高-61,61
暴躁,暴躁,"bàozào ",Vs,ㄅㄠˋ　ㄗㄠˋ,高-62,62
爆炸,爆炸,"bàozhà ",Vp,ㄅㄠˋ　ㄓㄚˋ,高-63,63
悲劇,悲劇,"bēijù ",N,ㄅㄟ　ㄐㄩˋ,高-64,64
悲痛,悲痛,"bēitòng ",Vs,ㄅㄟ　ㄊㄨㄥˋ,高-65,65
倍,倍,"bèi ",N,ㄅㄟˋ,高-66,66
備,備,"bèi ",V,ㄅㄟˋ,高-67,67
背面,背面,"bèimiàn ",N,ㄅㄟˋ　ㄇㄧㄢˋ,高-68,68
奔,奔,"bēn ",Vi,ㄅㄣ,高-69,69
奔跑,奔跑,"bēnpăo ",Vi,ㄅㄣ　ㄆㄠˇ,高-70,70
本來,本來,"běnlái ",Vs-attr,ㄅㄣˇ　ㄌㄞˊ,高-71,71
本領,本領,běnlĭng,N,ㄅㄣˇ　ㄌㄧㄥˇ,高-72,72
本身,本身,"běnshēn ",N,ㄅㄣˇ　ㄕㄣ,高-73,73
本土,本土,"běntŭ ",N,ㄅㄣˇ　ㄊㄨˇ,高-74,74
笨重,笨重,"bènzhòng ",Vs,ㄅㄣˋ　ㄓㄨㄥˋ,高-75,75
比,比,bĭ,V,ㄅㄧˇ,高-76,76
比方,比方,"bĭfāng ",N,ㄅㄧˇ　ㄈㄤ,高-77,77
比方(說),比方,bĭfāng(shūo),Vst,ㄅㄧˇ　ㄈㄤ,高-78,78
比較,比較,"bǐjiào ",N,ㄅㄧˇ　ㄐㄧㄠˋ,高-79,79
比較,比較,"bĭjiào ",V,ㄅㄧˇ　ㄐㄧㄠˋ,高-80,80
比例,比例,"bĭlì ",N,ㄅㄧˇ　ㄌㄧˋ,高-81,81
彼此,彼此,"bĭcĭ ",N,ㄅㄧˇ　ㄘˇ,高-82,82
筆記,筆記,"bĭjì ",N,ㄅㄧˇ　ㄐㄧˋ,高-84,83
筆試,筆試,"bĭshì ",N,ㄅㄧˇ　ㄕˋ,高-85,84
筆試,筆試,"bĭshì ",Vi,ㄅㄧˇ　ㄕˋ,高-86,85
閉,閉,"bì ",Vi,ㄅㄧˋ,高-87,86
必須,必須,"bìxū ",Vs-attr,ㄅㄧˋ　ㄒㄩ,高-88,87
必要,必要,"bìyào ",N,ㄅㄧˋ　ㄧㄠˋ,高-89,88
編,編,"biān ",V,ㄅㄧㄢ,高-90,89
扁,扁,"biăn ",Vs,ㄅㄧㄢˇ,高-91,90
便,便,"biàn ",Adv,ㄅㄧㄢˋ,高-92,91
便利,便利,"biànlì ",Vs,ㄅㄧㄢˋ　ㄌㄧˋ,高-93,92
變動,變動,"biàndòng ",N,ㄅㄧㄢˋ　ㄉㄨㄥˋ,高-94,93
變動,變動,"biàndòng ",Vp,ㄅㄧㄢˋ　ㄉㄨㄥˋ,高-95,94
標題,標題,"biāotí ",N,ㄅㄧㄠ　ㄊㄧˊ,高-96,95
標誌,標誌,"biāozhì ",N,ㄅㄧㄠ　ㄓˋ,高-97,96
表格,表格,"biăogé ",N,ㄅㄧㄠˇ　ㄍㄜˊ,高-98,97
表情,表情,"biăoqíng ",N,ㄅㄧㄠˇ　ㄑㄧㄥˊ,高-99,98
表揚,表揚,"biăoyáng ",V,ㄅㄧㄠˇ　ㄧㄤˊ,高-100,99
冰,冰,"bīng ",Vs,ㄅㄧㄥ,高-101,100
丙,丙,"bĭng ",N,ㄅㄧㄥˇ,高-102,101
並,並,"bìng ",Adv,ㄅㄧㄥˋ,高-103,102
並,並,"bìng ",Conj,ㄅㄧㄥˋ,高-104,103
並且,並且,"bìngqiě ",Conj,ㄅㄧㄥˋ　ㄑㄧㄝˇ,高-105,104
病毒,病毒,"bìngdú ",N,ㄅㄧㄥˋ　ㄉㄨˊ,高-106,105
病房,病房,"bìngfáng ",N,ㄅㄧㄥˋ　ㄈㄤˊ,高-107,106
撥,撥,"bō ",V,ㄅㄛ,高-108,107
菠菜,菠菜,"bōcài ",N,ㄅㄛ　ㄘㄞˋ,高-109,108
波動,波動,"bōdòng ",Vi,ㄅㄛ　ㄉㄨㄥˋ,高-110,109
玻璃(˙ㄌㄧ),玻璃(˙ㄌㄧ),bōli,N,ㄅㄛ　˙ㄌㄧ,高-111,110
薄,薄,"bó ",Vs,ㄅㄛˊ,高-112,111
薄弱,薄弱,"bóruò ",Vs,ㄅㄛˊ　ㄖㄨㄛˋ,高-113,112
伯父,伯父,"bófù ",N,ㄅㄛˊ　ㄈㄨˋ,高-114,113
伯母,伯母,"bómŭ ",N,ㄅㄛˊ　ㄇㄨˇ,高-115,114
捕,捕,"bŭ ",V,ㄅㄨˇ,高-122,115
補,補,"bŭ ",V,ㄅㄨˇ,高-123,116
補償,補償,"bŭcháng ",V,ㄅㄨˇ　ㄔㄤˊ,高-124,117
補充,補充,"bŭchōng ",V,ㄅㄨˇ　ㄔㄨㄥ,高-125,118
補課,補課,"bŭkè ",V-sep,ㄅㄨˇ　ㄎㄜˋ,高-126,119
補習,補習,"bŭxí ",V-sep,ㄅㄨˇ　ㄒㄧˊ,高-127,120
補助,補助,"bŭzhù ",N,ㄅㄨˇ　ㄓㄨˋ,高-128,121
補助,補助,"bŭzhù ",V,ㄅㄨˇ　ㄓㄨˋ,高-129,122
步,步,"bù ",M,ㄅㄨˋ,高-130,123
不大,不大,"bùdà ",Adv,ㄅㄨˋ　ㄉㄚˋ,高-116,124
不安,不安,"bùān ",Vs,ㄅㄨˋ　ㄢ,高-131,125
不成,不成,"bùchéng ",Vs-pred,ㄅㄨˋ　ㄔㄥˊ,高-132,126
不當,不當,"bùdàng ",Vs,ㄅㄨˋ　ㄉㄤˋ,高-117,127
不到,不到,"bùdào ",Vst,ㄅㄨˋ　ㄉㄠˋ,高-118,128
不得已,不得已,bùdéyĭ,Vs,ㄅㄨˋ　ㄉㄜˊ　ㄧˇ,高-133,129
不敢當,不敢當,"bùgăndāng ",Vs,ㄅㄨˋ　ㄍㄢˇ　ㄉㄤ,高-134,130
不顧,不顧,"bùgù ",Vst,ㄅㄨˋ　ㄍㄨˋ,高-119,131
不過,不過,"bùguò ",Adv,ㄅㄨˋ　ㄍㄨㄛˋ,高-120,132
不見得,不見得,bùjiànde,Adv,ㄅㄨˋ　ㄐㄧㄢˋ　˙ㄉㄜ,高-121,133
不僅,不僅,"bùjĭn ",Conj,ㄅㄨˋ　ㄐㄧㄣˇ,高-135,134
不良,不良,bùliáng,Vs,ㄅㄨˋ　ㄌㄧㄤˊ,高-136,135
不平,不平,"bùpíng ",Vs,ㄅㄨˋ　ㄆㄧㄥˊ,高-137,136
不然,不然,"bùrán ",Conj,ㄅㄨˋ　ㄖㄢˊ,高-138,137
不如,不如,"bùrú ",Vst,ㄅㄨˋ　ㄖㄨˊ,高-139,138
不許,不許,"bùxŭ ",Adv,ㄅㄨˋ　ㄒㄩˇ,高-140,139
不宜,不宜,"bùyí ",Vs,ㄅㄨˋ　ㄧˊ,高-141,140
不由得,不由得,"bùyóude ",Adv,ㄅㄨˋ　ㄧㄡˊ　˙ㄉㄜ,高-142,141
不止,不止,"bùzhǐ ",Vs-pred,ㄅㄨˋ　ㄓˇ,高-143,142
部隊,部隊,"bùduì ",N,ㄅㄨˋ　ㄉㄨㄟˋ,高-144,143
部長,部長,"bùzhăng ",N,ㄅㄨˋ　ㄓㄤˇ,高-145,144
布/佈告,布告,bùgào,N,ㄅㄨˋ　ㄍㄠˋ,高-146,145
布/佈告欄,布告欄,"bùgàolán ",N,ㄅㄨˋ　ㄍㄠˋ　ㄌㄢˊ,高-147,146
財產,財產,"cáichăn ",N,ㄘㄞˊ　ㄔㄢˇ,高-148,147
財富,財富,"cáifù ",N,ㄘㄞˊ　ㄈㄨˋ,高-149,148
才能,才能,"cáinéng ",N,ㄘㄞˊ　ㄋㄥˊ,高-150,149
裁判,裁判,"cáipàn ",N,ㄘㄞˊ　ㄆㄢˋ,高-151,150
裁員,裁員,"cáiyuán ",Vpt,ㄘㄞˊ　ㄩㄢˊ,高-152,151
踩,踩,"căi ",V,ㄘㄞˇ,高-153,152
採,採,"căi ",V,ㄘㄞˇ,高-154,153
採購,採購,"căigòu ",V,ㄘㄞˇ　ㄍㄡˋ,高-155,154
彩色,彩色,"căisè ",Vs-attr,ㄘㄞˇ　ㄙㄜˋ,高-156,155
參與,參與,"cānyù ",V,ㄘㄢ　ㄩˋ,高-157,156
蠶,蠶,"cán ",N,ㄘㄢˊ,高-158,157
慚愧,慚愧,"cánkuì ",Vs,ㄘㄢˊ　ㄎㄨㄟˋ,高-159,158
慘,慘,"căn ",Vs,ㄘㄢˇ,高-160,159
倉庫,倉庫,"cāngkù ",N,ㄘㄤ　ㄎㄨˋ,高-161,160
藏,藏,"cáng ",V,ㄘㄤˊ,高-162,161
操心,操心,"cāoxīn ",Vs,ㄘㄠ　ㄒㄧㄣ,高-163,162
操作,操作,"cāozuò ",V,ㄘㄠ　ㄗㄨㄛˋ,高-164,163
冊,冊,"cè ",M,ㄘㄜˋ,高-165,164
策略,策略,"cèlüè ",N,ㄘㄜˋ　ㄌㄩㄝˋ,高-166,165
測量,測量,"cèliáng ",V,ㄘㄜˋ　ㄌㄧㄤˊ,高-167,166
測試,測試,"cèshì ",V,ㄘㄜˋ　ㄕˋ,高-168,167
測驗,測驗,"cèyàn ",N,ㄘㄜˋ　ㄧㄢˋ,高-169,168
測驗,測驗,"cèyàn ",V,ㄘㄜˋ　ㄧㄢˋ,高-170,169
差,差,chā,N,ㄔㄚ,高-171,170
差錯,差錯,"chācuò ",N,ㄔㄚ　ㄘㄨㄛˋ,高-172,171
差距,差距,"chājù ",N,ㄔㄚ　ㄐㄩˋ,高-173,172
插,插,"chā ",V,ㄔㄚ,高-174,173
插花,插花,"chāhuā ",Vi,ㄔㄚ　ㄏㄨㄚ,高-175,174
插圖,插圖,"chātú ",N,ㄔㄚ　ㄊㄨˊ,高-176,175
茶館/茶館兒,茶館/茶館兒,cháguăn/cháguănr,N,"ㄔㄚˊ　ㄍㄨㄢˇ/ㄔㄚˊ　ㄍㄨㄢˇ ㄦ",高-177,176
茶會,茶會,"cháhuì ",N,ㄔㄚˊ　ㄏㄨㄟˋ,高-178,177
茶葉,茶葉,"cháyè ",N,ㄔㄚˊ　ㄧㄝˋ,高-179,178
拆,拆,"chāi ",V,ㄔㄞ,高-180,179
產,產,"chăn ",V,ㄔㄢˇ,高-181,180
產量,產量,"chănliàng ",N,ㄔㄢˇ　ㄌㄧㄤˋ,高-182,181
產業,產業,"chănyè ",N,ㄔㄢˇ　ㄧㄝˋ,高-183,182
嘗/嚐試,嘗試,"chángshì ",N,ㄔㄤˊ　ㄕˋ,高-185,183
常識,常識,"chángshì ",N,ㄔㄤˊ　ㄕˋ,高-186,184
長處,長處,"chángchù ",N,ㄔㄤˊ　ㄔㄨˋ,高-187,185
長度,長度,"chángdù ",N,ㄔㄤˊ　ㄉㄨˋ,高-188,186
長方形,長方形,"chángfāngxíng ",N,ㄔㄤˊ　ㄈㄤ　ㄒㄧㄥˊ,高-189,187
長久,長久,"chángjiŭ ",Vs,ㄔㄤˊ　ㄐㄧㄡˇ,高-190,188
長途,長途,"chángtú ",Vs-attr,ㄔㄤˊ　ㄊㄨˊ,高-191,189
場,場,"chăng ",M,ㄔㄤˇ,高-192,190
場地,場地,"chăngdì ",N,ㄔㄤˇ　ㄉㄧˋ,高-193,191
場合,場合,"chănghé ",N,ㄔㄤˇ　ㄏㄜˊ,高-194,192
場所,場所,"chăngsuŏ ",N,ㄔㄤˇ　ㄙㄨㄛˇ,高-195,193
廠商,廠商,"chăngshāng ",N,ㄔㄤˇ　ㄕㄤ,高-196,194
抄,抄,"chāo ",V,ㄔㄠ,高-197,195
鈔票,鈔票,"chāopiào ",N,ㄔㄠ　ㄆㄧㄠˋ,高-198,196
超出,超出,"chāochū ",Vpt,ㄔㄠ　ㄔㄨ,高-199,197
超人,超人,"chāorén ",N,ㄔㄠ　ㄖㄣˊ,高-200,198
超越,超越,"chāoyuè ",V,ㄔㄠ　ㄩㄝˋ,高-201,199
超重,超重,"chāozhòng ",Vp,ㄔㄠ　ㄓㄨㄥˋ,高-202,200
朝,朝,"cháo ",Prep,ㄔㄠˊ,高-203,201
潮流,潮流,"cháoliú ",N,ㄔㄠˊ　ㄌㄧㄡˊ,高-204,202
潮溼/濕,潮溼,"cháoshī ",Vs,ㄔㄠˊ　ㄕ,高-205,203
吵鬧,吵鬧,"chăonào ",Vi,ㄔㄠˇ　ㄋㄠˋ,高-206,204
車票,車票,"chēpiào ",N,ㄔㄜ　ㄆㄧㄠˋ,高-207,205
扯,扯,chě,V,ㄔㄜˇ,高-208,206
澈底,澈底,"chèdǐ ",Vs,ㄔㄜˋㄉㄧˇ,高-209,207
沉,沉,"chén ",Vp,ㄔㄣˊ,高-210,208
陳列,陳列,"chénliè ",V,ㄔㄣˊ　ㄌㄧㄝˋ,高-211,209
稱,稱,"chēng ",V,ㄔㄥ,高-212,210
撐,撐,"chēng ",V,ㄔㄥ,高-213,211
成,成,"chéng ",M,ㄔㄥˊ,高-214,212
成,成,"chéng ",Vpt,ㄔㄥˊ,高-215,213
成本,成本,"chéngběn ",N,ㄔㄥˊ　ㄅㄣˇ,高-216,214
成分/份,成分,"chéngfèn ",N,ㄔㄥˊ　ㄈㄣˋ,高-217,215
成交,成交,"chéngjiāo ",Vp,ㄔㄥˊ　ㄐㄧㄠ,高-218,216
成立,成立,"chénglì ",Vpt,ㄔㄥˊ　ㄌㄧˋ,高-219,217
成天,成天,"chéngtiān ",Adv,ㄔㄥˊ　ㄊㄧㄢ,高-220,218
成為,成為,"chéngwéi ",Vpt,ㄔㄥˊㄨㄟˊ,高-221,219
成語,成語,"chéngyŭ ",N,ㄔㄥˊ　ㄩˇ,高-222,220
乘,乘,"chéng ",V,ㄔㄥˊ,高-223,221
乘客,乘客,"chéngkè ",N,ㄔㄥˊ　ㄎㄜˋ,高-224,222
誠懇,誠懇,"chéngkěn ",Vs,ㄔㄥˊ　ㄎㄣˇ,高-225,223
誠意,誠意,"chéngyì ",N,ㄔㄥˊ　ㄧˋ,高-226,224
呈現,呈現,"chéngxiàn ",Vpt,ㄔㄥˊ　ㄒㄧㄢˋ,高-227,225
程序,程序,"chéngxù ",N,ㄔㄥˊ　ㄒㄩˋ,高-228,226
吃虧,吃虧,"chīkuī ",Vs,ㄔ　ㄎㄨㄟ,高-229,227
遲,遲,"chí ",Vp,ㄔˊ,高-230,228
遲早,遲早,"chízăo ",Adv,ㄔˊ　ㄗㄠˇ,高-231,229
尺寸,尺寸,"chĭcùn ",N,ㄔˇ　ㄘㄨㄣˋ,高-232,230
翅膀,翅膀,"chìbăng ",N,ㄔˋ　ㄅㄤˇ,高-233,231
沖,沖,"chōng ",V,ㄔㄨㄥ,高-234,232
充分/份,充分/份,"chōngfèn ",Vs,ㄔㄨㄥ　ㄈㄣˋ,高-235,233
充滿,充滿,"chōngmăn ",Vpt,ㄔㄨㄥ　ㄇㄢˇ,高-236,234
充足,充足,"chōngzú ",Vs,ㄔㄨㄥ　ㄗㄨˊ,高-237,235
重,重,"chóng ",Adv,ㄔㄨㄥˊ,高-238,236
崇拜,崇拜,"chóngbài ",Vst,ㄔㄨㄥˊ　ㄅㄞˋ,高-239,237
崇高,崇高,"chónggāo ",Vs,ㄔㄨㄥˊ　ㄍㄠ,高-240,238
抽屜(˙ㄊㄧ),抽屜(˙ㄊㄧ),chōuti,N,ㄔㄡ　˙ㄊㄧ,高-241,239
愁,愁,"chóu ",Vs,ㄔㄡˊ,高-242,240
出,出,"chū ",Vst,ㄔㄨ,高-243,241
出產,出產,"chūchăn  ",Vst,ㄔㄨ　ㄔㄢˇ,高-244,242
出境,出境,"chūjìng ",Vp,ㄔㄨ　ㄐㄧㄥˋ,高-245,243
出口,出口,"chūkŏu ",V,ㄔㄨ　ㄎㄡˇ,高-246,244
出色,出色,"chūsè ",Vs,ㄔㄨ　ㄙㄜˋ,高-247,245
出身,出身,"chūshēn ",Vpt,ㄔㄨ　ㄕㄣ,高-248,246
出事,出事,"chūshì ",Vp-sep,ㄔㄨ　ㄕˋ,高-249,247
出售,出售,"chūshòu ",V,ㄔㄨ　ㄕㄡˋ,高-250,248
出席,出席,"chūxí ",V,ㄔㄨ　ㄒㄧˊ,高-251,249
出院,出院,"chūyuàn ",Vi,ㄔㄨ　ㄩㄢˋ,高-252,250
初,初,"chū ",Adv,ㄔㄨ,高-253,251
初步,初步,"chūbù ",Adv,ㄔㄨ　ㄅㄨˋ,高-254,252
初步,初步,"chūbù ",Vs-attr,ㄔㄨ　ㄅㄨˋ,高-255,253
初級,初級,"chūjí ",Vs,ㄔㄨ　ㄐㄧˊ,高-256,254
除,除,"chú ",Prep,ㄔㄨˊ,高-257,255
除,除,"chú ",V,ㄔㄨˊ,高-258,256
除,除,"chú ",Vst,ㄔㄨˊ,高-259,257
除非,除非,"chúfēi ",Conj,ㄔㄨˊ　ㄈㄟ,高-260,258
儲存,儲存,"chúcún ",V,ㄔㄨˊ　ㄘㄨㄣˊ,高-261,259
儲蓄,儲蓄,"chúxù ",Vi,ㄔㄨˊ　ㄒㄩˋ,高-262,260
處,處,"chŭ ",M,ㄔㄨˇ,高-263,261
處罰,處罰,"chŭfá ",V,ㄔㄨˇ　ㄈㄚˊ,高-264,262
處,處,"chù ",V,ㄔㄨˋ,高-265,263
處處,處處,"chùchù ",Adv,ㄔㄨˋ　ㄔㄨˋ,高-266,264
傳,傳,"chuán ",V,ㄔㄨㄢˊ,高-267,265
傳播,傳播,"chuánbò ",V,ㄔㄨㄢˊ　ㄅㄛˋ,高-268,266
傳達,傳達,"chuándá ",V,ㄔㄨㄢˊ　ㄉㄚˊ,高-269,267
傳單,傳單,"chuándān ",N,ㄔㄨㄢˊ　ㄉㄢ,高-270,268
傳染,傳染,"chuánrăn ",V,ㄔㄨㄢˊ　ㄖㄢˇ,高-271,269
傳說,傳說,"chuánshuō ",N,ㄔㄨㄢˊ　ㄕㄨㄛ,高-272,270
傳說,傳說,"chuánshuō ",V,ㄔㄨㄢˊ　ㄕㄨㄛ,高-273,271
傳送,傳送,"chuánsòng ",V,ㄔㄨㄢˊ　ㄙㄨㄥˋ,高-274,272
傳統,傳統,"chuántŏng ",N,ㄔㄨㄢˊ　ㄊㄨㄥˇ,高-275,273
傳真,傳真,"chuánzhēn ",V,ㄔㄨㄢˊ　ㄓㄣ,高-276,274
窗口,窗口,"chuāngkŏu ",N,ㄔㄨㄤ　ㄎㄡˇ,高-277,275
床,床,"chuáng ",M,ㄔㄨㄤˊ,高-278,276
床單,床單,"chuángdān ",N,ㄔㄨㄤˊ　ㄉㄢ,高-279,277
幢,幢,"chuáng ",M,ㄔㄨㄤˊ,高-280,278
闖,闖,"chuăng ",V,ㄔㄨㄤˇ,高-281,279
創作,創作,"chuàngzuò ",N,ㄔㄨㄤˋ　ㄗㄨㄛˋ,高-282,280
春季,春季,"chūnjì ",N,ㄔㄨㄣ　ㄐㄧˋ,高-283,281
春假,春假,"chūnjià ",N,ㄔㄨㄣ　ㄐㄧㄚˋ,高-284,282
純,純,"chún ",Vs,ㄔㄨㄣˊ,高-285,283
磁帶,磁帶,"cídài ",N,ㄘˊ　ㄉㄞˋ,高-286,284
詞典,詞典,"cídiăn ",N,ㄘˊ　ㄉㄧㄢˇ,高-287,285
詞彙,詞彙,"cíhuì ",N,ㄘˊ　ㄏㄨㄟˋ,高-288,286
辭職,辭職,"cízhí ",Vi,ㄘˊ　ㄓˊ,高-289,287
此外,此外,"cĭwài ",Conj,ㄘˇ　ㄨㄞˋ,高-290,288
刺,刺,"cì ",V,ㄘˋ,高-291,289
刺激,刺激,"cìjī ",V,ㄘˋ　ㄐㄧ,高-292,290
次數,次數,"cìshù ",N,ㄘˋ　ㄕㄨˋ,高-293,291
從,從,"cóng ",Adv,ㄘㄨㄥˊ,高-294,292
從此,從此,cóngcĭ,Adv,ㄘㄨㄥˊ　ㄘˇ,高-295,293
從沒,從沒,"cóngméi ",Adv,ㄘㄨㄥˊㄇㄟˊ,高-296,294
從事,從事,"cóngshì ",Vst,ㄘㄨㄥˊ　ㄕˋ,高-297,295
湊,湊,"còu ",V,ㄘㄡˋ,高-298,296
粗,粗,"cū ",Vs,ㄘㄨ,高-299,297
粗心,粗心,"cūxīn ",Vs,ㄘㄨ　ㄒㄧㄣ,高-300,298
促進,促進,"cùjìn ",V,ㄘㄨˋ　ㄐㄧㄣˋ,高-301,299
催,催,"cuī ",V,ㄘㄨㄟ,高-302,300
存款,存款,"cúnkuăn ",N,ㄘㄨㄣˊ　ㄎㄨㄢˇ,高-303,301
搓,搓,"cuō ",V,ㄘㄨㄛ,高-304,302
錯過,錯過,"cuòguò ",Vpt,ㄘㄨㄛˋ　ㄍㄨㄛˋ,高-305,303
錯字,錯字,"cuòzì ",N,ㄘㄨㄛˋ　ㄗˋ,高-306,304
措施,措施,"cuòshī ",N,ㄘㄨㄛˋ　ㄕ,高-307,305
答,答,"dá ",V,ㄉㄚˊ,高-308,306
答案,答案,"dáàn ",N,ㄉㄚˊ　ㄢˋ,高-309,307
達到,達到,"dádào ",Vpt,ㄉㄚˊ　ㄉㄠˋ,高-310,308
打,打,"dă ",M,ㄉㄚˇ,高-311,309
打扮,打扮,"dăbàn ",Vi,ㄉㄚˇ　ㄅㄢˋ,高-312,310
打包,打包,"dăbāo ",V,ㄉㄚˇ　ㄅㄠ,高-313,311
打斷,打斷,"dăduàn ",Vpt,ㄉㄚˇ　ㄉㄨㄢˋ,高-314,312
打擾,打擾,"dărăo ",V,ㄉㄚˇ　ㄖㄠˇ,高-315,313
打算,打算,"dăsuàn ",N,ㄉㄚˇ　ㄙㄨㄢˋ,高-316,314
打招呼,打招呼,"dăzhāohū ",V-sep,ㄉㄚˇ　ㄓㄠ　ㄏㄨ,高-317,315
打針,打針,"dăzhēn ",V-sep,ㄉㄚˇ　ㄓㄣ,高-318,316
打字,打字,"dăzì ",V-sep,ㄉㄚˇ　ㄗˋ,高-319,317
大半,大半,"dàbàn ",Det,ㄉㄚˋ　ㄅㄢˋ,高-320,318
大便,大便,"dàbiàn ",N,ㄉㄚˋ　ㄅㄧㄢˋ,高-321,319
大膽,大膽,"dàdăn ",Vs,ㄉㄚˋ　ㄉㄢˇ,高-322,320
大地,大地,"dàdì ",N,ㄉㄚˋ　ㄉㄧˋ,高-323,321
大都,大都,"dàdōu ",Adv,ㄉㄚˋ　ㄉㄡ,高-324,322
大哥,大哥,"dàgē ",N,ㄉㄚˋ　ㄍㄜ,高-325,323
大哥大,大哥大,"dàgēdà ",N,ㄉㄚˋ　ㄍㄜ　ㄉㄚˋ,高-326,324
大街,大街,"dàjiē ",N,ㄉㄚˋ　ㄐㄧㄝ,高-327,325
大力,大力,"dàlì ",Adv,ㄉㄚˋ　ㄌㄧˋ,高-328,326
大量,大量,"dàliàng ",Det,ㄉㄚˋ　ㄌㄧㄤˋ,高-329,327
大腦,大腦,"dànăo ",N,ㄉㄚˋ　ㄋㄠˇ,高-330,328
大清早,大清早,"dàqīngzăo ",N,ㄉㄚˋ　ㄑㄧㄥ　ㄗㄠˇ,高-331,329
大嫂,大嫂,"dàsăo ",N,ㄉㄚˋ　ㄙㄠˇ,高-332,330
大腿,大腿,"dàtuĭ ",N,ㄉㄚˋ　ㄊㄨㄟˇ,高-333,331
大型,大型,"dàxíng ",Vs-attr,ㄉㄚˋ　ㄒㄧㄥˊ,高-334,332
大意,大意,"dàyì ",Vs,ㄉㄚˋ　ㄧˋ,高-335,333
大有,大有,"dàyŏu ",Vst,ㄉㄚˋ　ㄧㄡˇ,高-336,334
大致,大致,"dàzhì ",Adv,ㄉㄚˋ　ㄓˋ,高-337,335
大眾,大眾,"dàzhòng ",N,ㄉㄚˋ　ㄓㄨㄥˋ,高-338,336
大自然,大自然,"dàzìrán ",N,ㄉㄚˋ　ㄗˋ　ㄖㄢˊ,高-339,337
待會/待會兒,待會/待會兒,"dāihuì /dāihuìr",Adv,ㄉㄞㄏㄨㄟˋ/ㄉㄞㄏㄨㄟˋㄦ,高-340,338
待,待,dài,V,ㄉㄞˋ,高-341,339
代,代,"dài ",N,ㄉㄞˋ,高-342,340
代,代,"dài ",V,ㄉㄞˋ,高-343,341
代表,代表,"dàibiăo ",Vs,ㄉㄞˋ　ㄅㄧㄠˇ,高-344,342
代溝,代溝,"dàigōu ",N,ㄉㄞˋ　ㄍㄡ,高-345,343
代價,代價,"dàijià ",N,ㄉㄞˋ　ㄐㄧㄚˋ,高-346,344
代理,代理,"dàilĭ ",V,ㄉㄞˋ　ㄌㄧˇ,高-347,345
帶動,帶動,"dàidòng ",V,ㄉㄞˋ　ㄉㄨㄥˋ,高-348,346
帶路,帶路,"dàilù ",Vi,ㄉㄞˋ　ㄌㄨˋ,高-349,347
帶子,帶子,"dàizi ",N,ㄉㄞˋ　˙ㄗ,高-350,348
大夫(˙ㄈㄨ),大夫(˙ㄈㄨ),dàifu,N,ㄉㄞˋ　˙ㄈㄨ,高-351,349
貸款,貸款,"dàikuăn ",N,ㄉㄞˋ　ㄎㄨㄢˇ,高-352,350
貸款,貸款,"dàikuăn ",V-sep,ㄉㄞˋ　ㄎㄨㄢˇ,高-353,351
待遇,待遇,"dàiyù ",N,ㄉㄞˋ　ㄩˋ,高-354,352
單,單,"dān ",Adv,ㄉㄢ,高-355,353
單調,單調,"dāndiào ",Vs,ㄉㄢ　ㄉㄧㄠˋ,高-356,354
單位,單位,"dānwèi ",N,ㄉㄢ　ㄨㄟˋ,高-357,355
單子,單子,"dānzi ",N,ㄉㄢ　˙ㄗ,高-358,356
擔保,擔保,"dānbăo ",V,ㄉㄢ　ㄅㄠˇ,高-359,357
耽誤,耽誤,"dānwù ",V,ㄉㄢ　ㄨˋ,高-360,358
膽量,膽量,"dănliàng ",N,ㄉㄢˇ　ㄌㄧㄤˋ,高-361,359
膽小,膽小,dănxiăo,Vs,ㄉㄢˇ　ㄒㄧㄠˇ,高-362,360
蛋白質,蛋白質,"dànbáizhí ",N,ㄉㄢˋ　ㄅㄞˊ　ㄓˊ,高-363,361
誕生,誕生,"dànshēng ",Vp,ㄉㄢˋ　ㄕㄥ,高-364,362
當初,當初,"dāngchū ",N,ㄉㄤ　ㄔㄨ,高-365,363
當時,當時,"dāngshí ",N,ㄉㄤ　ㄕˊ,高-366,364
當選,當選,"dāngxuăn ",Vpt,ㄉㄤ　ㄒㄩㄢˇ,高-367,365
當中,當中,"dāngzhōng ",N,ㄉㄤ　ㄓㄨㄥ,高-368,366
擋,擋,"dăng ",V,ㄉㄤˇ,高-369,367
檔案,檔案,"dăngàn ",N,ㄉㄤˇ　ㄢˋ,高-370,368
當,當,"dàng ",Vst,ㄉㄤˋ,高-371,369
倒楣,倒楣,"dăoméi ",Vs,ㄉㄠˇ　ㄇㄟˊ,高-372,370
導演,導演,"dăoyăn ",V,ㄉㄠˇ　ㄧㄢˇ,高-373,371
導遊,導遊,"dăoyóu ",N,ㄉㄠˇ　ㄧㄡˊ,高-374,372
倒,倒,"dào ",V,ㄉㄠˋ,高-375,373
道,道,"dào ",M,ㄉㄠˋ,高-376,374
道路,道路,"dàolù ",N,ㄉㄠˋ　ㄌㄨˋ,高-377,375
到達,到達,"dàodá ",Vpt,ㄉㄠˋ　ㄉㄚˊ,高-378,376
得分,得分,"défēn ",Vs-sep,ㄉㄜˊ　ㄈㄣ,高-379,377
得獎,得獎,"déjiăng ",V-sep,ㄉㄜˊ　ㄐㄧㄤˇ,高-380,378
得了,得了,"déle ",,ㄉㄜˊ　˙ㄌㄜ,高-381,379
得罪,得罪,"dézuì ",Vpt,ㄉㄜˊ　ㄗㄨㄟˋ,高-382,380
登,登,"dēng ",V,ㄉㄥ,高-383,381
登記,登記,"dēngjì ",Vp,ㄉㄥ　ㄐㄧˋ,高-384,382
登山,登山,"dēngshān ",V-sep,ㄉㄥ　ㄕㄢ,高-385,383
等不(˙ㄅㄨ)及,等不(˙ㄅㄨ)及,"děngbují ",Vi,ㄉㄥˇ　˙ㄅㄨ　ㄐㄧˊ,高-386,384
等到,等到,"děngdào ",Prep,ㄉㄥˇ　ㄉㄠˋ,高-387,385
等級,等級,"děngjí ",N,ㄉㄥˇ　ㄐㄧˊ,高-388,386
等於,等於,"děngyú ",Vst,ㄉㄥˇ　ㄩˊ,高-389,387
凳子,凳子,"dèngzi ",N,ㄉㄥˋ　˙ㄗ,高-390,388
滴,滴,"dī ",M,ㄉㄧ,高-391,389
低潮,低潮,dīcháo,N,ㄉㄧ　ㄔㄠˊ,高-392,390
的確,的確,"díquè ",Adv,ㄉㄧˊ　ㄑㄩㄝˋ,高-393,391
抵,抵,dĭ,V,ㄉㄧˇ,高-394,392
抵抗,抵抗,"dĭkàng ",V,ㄉㄧˇ　ㄎㄤˋ,高-395,393
遞,遞,"dì ",V,ㄉㄧˋ,高-396,394
地面,地面,"dìmiàn ",N,ㄉㄧˋ　ㄇㄧㄢˋ,高-397,395
地毯,地毯,"dìtăn ",N,ㄉㄧˋ　ㄊㄢˇ,高-398,396
地下,地下,"dìxià ",Vs-attr,ㄉㄧˋ　ㄒㄧㄚˋ,高-399,397
地震,地震,"dìzhèn ",Vp,ㄉㄧˋ　ㄓㄣˋ,高-400,398
典禮,典禮,"diănlĭ ",N,ㄉㄧㄢˇ　ㄌㄧˇ,高-401,399
典型,典型,"diănxíng ",Vs,ㄉㄧㄢˇ　ㄒㄧㄥˊ,高-402,400
點燃,點燃,"diănrán ",V,ㄉㄧㄢˇ　ㄖㄢˊ,高-403,401
點頭,點頭,"diăntóu ",V-sep,ㄉㄧㄢˇ　ㄊㄡˊ,高-404,402
墊,墊,"diàn ",V,ㄉㄧㄢˋ,高-405,403
電報,電報,"diànbào ",N,ㄉㄧㄢˋ　ㄅㄠˋ,高-406,404
電動,電動,"diàndòng ",Vs-attr,ㄉㄧㄢˋ　ㄉㄨㄥˋ,高-407,405
電扇,電扇,"diànshàn ",N,ㄉㄧㄢˋ　ㄕㄢˋ,高-408,406
電視台,電視台,"diànshìtái ",N,ㄉㄧㄢˋㄕˋㄊㄞˊ,高-409,407
電台,電台,"diàntái ",N,ㄉㄧㄢˋㄊㄞˊ,高-410,408
電線,電線,"diànxiàn ",N,ㄉㄧㄢˋ　ㄒㄧㄢˋ,高-411,409
電子,電子,diànzĭ,N,ㄉㄧㄢˋ　ㄗˇ,高-412,410
雕刻,雕刻,"diāokè  ",N,ㄉㄧㄠ　ㄎㄜˋ,高-413,411
雕刻,雕刻,"diāokè  ",V,ㄉㄧㄠ　ㄎㄜˋ,高-414,412
吊,吊,"diào ",V,ㄉㄧㄠˋ,高-415,413
釣,釣,"diào ",V,ㄉㄧㄠˋ,高-416,414
跌,跌,"dié ",Vp,ㄉㄧㄝˊ,高-417,415
跌倒,跌倒,"diédăo ",Vp,ㄉㄧㄝˊ　ㄉㄠˇ,高-418,416
丁,丁,"dīng ",N,ㄉㄧㄥ,高-419,417
盯,盯,"dīng ",V,ㄉㄧㄥ,高-420,418
頂,頂,"dǐng ",M,ㄉㄧㄥˇ,高-421,419
訂婚,訂婚,"dìnghūn ",V-sep,ㄉㄧㄥˋ　ㄏㄨㄣ,高-422,420
訂位,訂位,"dìngwèi ",V-sep,ㄉㄧㄥˋ　ㄨㄟˋ,高-423,421
定期,定期,"dìngqí ",Adv,ㄉㄧㄥˋ　ㄑㄧˊ,高-424,422
定期,定期,"dìngqí ",Vs-attr,ㄉㄧㄥˋ　ㄑㄧˊ,高-425,423
丟臉,丟臉,"diūliăn ",Vs-sep,ㄉㄧㄡ　ㄌㄧㄢˇ,高-426,424
丟人,丟人,"diūrén ",Vs,ㄉㄧㄡ　ㄖㄣˊ,高-427,425
冬季,冬季,"dōngjì ",N,ㄉㄨㄥ　ㄐㄧˋ,高-428,426
懂得,懂得,"dǒngde ",Vst,ㄉㄨㄥˇ　˙ㄉㄜ,高-429,427
洞,洞,"dòng ",N,ㄉㄨㄥˋ,高-430,428
凍,凍,"dòng ",Vs,ㄉㄨㄥˋ,高-431,429
棟,棟,"dòng ",M,ㄉㄨㄥˋ,高-432,430
動不(˙ㄅㄨ)動,動不(˙ㄅㄨ)動,"dòngbudòng ",Adv,ㄉㄨㄥˋ　˙ㄅㄨ　ㄉㄨㄥˋ,高-433,431
動詞,動詞,"dòngcí ",N,ㄉㄨㄥˋ　ㄘˊ,高-434,432
動人,動人,"dòngrén ",Vs,ㄉㄨㄥˋ　ㄖㄣˊ,高-435,433
動身,動身,"dòngshēn ",Vi,ㄉㄨㄥˋ　ㄕㄣ,高-436,434
動手,動手,"dòngshǒu ",Vi,ㄉㄨㄥˋ　ㄕㄡˇ,高-437,435
動作,動作,"dòngzuò ",N,ㄉㄨㄥˋ　ㄗㄨㄛˋ,高-438,436
鬥爭,鬥爭,"dòuzhēng ",Vi,ㄉㄡˋ　ㄓㄥ,高-439,437
毒,毒,"dú ",N,ㄉㄨˊ,高-440,438
毒,毒,"dú ",Vs,ㄉㄨˊ,高-441,439
獨立,獨立,"dúlì ",Vs,ㄉㄨˊ　ㄌㄧˋ,高-442,440
獨自,獨自,"dúzì ",Adv,ㄉㄨˊ　ㄗˋ,高-443,441
賭,賭,"dŭ ",V,ㄉㄨˇ,高-444,442
度,度,"dù ",V,ㄉㄨˋ,高-445,443
度過,度過,"dùguò ",V,ㄉㄨˋ　ㄍㄨㄛˋ,高-446,444
端,端,"duān ",V,ㄉㄨㄢ,高-447,445
斷,斷,"duàn ",Vp,ㄉㄨㄢˋ,高-448,446
鍛鍊,鍛鍊,"duànliàn ",V,ㄉㄨㄢˋ　ㄌㄧㄢˋ,高-449,447
堆,堆,"duī ",V,ㄉㄨㄟ,高-450,448
隊,隊,"duì ",M,ㄉㄨㄟˋ,高-451,449
隊員,隊員,"duìyuán ",N,ㄉㄨㄟˋ　ㄩㄢˊ,高-452,450
對岸,對岸,"duìàn ",N,ㄉㄨㄟˋ　ㄢˋ,高-453,451
對策,對策,"duìcè ",N,ㄉㄨㄟˋ　ㄘㄜˋ,高-454,452
對待,對待,"duìdài ",V,ㄉㄨㄟˋ　ㄉㄞˋ,高-455,453
對付(˙ㄈㄨ),對付(˙ㄈㄨ),"duìfù ",V,ㄉㄨㄟˋ　˙ㄈㄨ,高-456,454
對抗,對抗,"duìkàng ",V,ㄉㄨㄟˋ　ㄎㄤˋ,高-457,455
對立,對立,"duìlì ",Vs,ㄉㄨㄟˋ　ㄌㄧˋ,高-458,456
對於,對於,"duìyú ",Prep,ㄉㄨㄟˋ　ㄩˊ,高-459,457
蹲,蹲,"dūn ",Vi,ㄉㄨㄣ,高-460,458
頓,頓,"dùn ",M,ㄉㄨㄣˋ,高-461,459
噸,噸,"dùn ",M,ㄉㄨㄣˋ,高-462,460
多半/多半兒,多半/多半兒,duōbàn/duōbànr,Det,"ㄉㄨㄛ　ㄅㄢˋ /ㄉㄨㄛ　ㄅㄢˋ ㄦ",高-463,461
多多,多多,"duōduō ",Adv,ㄉㄨㄛ　ㄉㄨㄛ,高-464,462
多少,多少,"duōshăo ",Adv,ㄉㄨㄛ　ㄕㄠˇ,高-465,463
多數,多數,"duōshù ",Det,ㄉㄨㄛ　ㄕㄨˋ,高-466,464
多謝,多謝,"duōxiè ",Vst,ㄉㄨㄛ　ㄒㄧㄝˋ,高-467,465
奪,奪,"duó ",V,ㄉㄨㄛˊ,高-468,466
躲,躲,duŏ,Vi,ㄉㄨㄛˇ,高-469,467
鵝,鵝,é,N,ㄜˊ,高-470,468
惡劣,惡劣,èliè,Vs,ㄜˋ　ㄌㄧㄝˋ,高-471,469
而已,而已,éryĭ,Ptc,ㄦˊ　ㄧˇ,高-472,470
發,發,"fā ",Vp,ㄈㄚ,高-473,471
發動,發動,"fādòng ",V,ㄈㄚ　ㄉㄨㄥˋ,高-474,472
發抖,發抖,"fādŏu ",Vi,ㄈㄚ　ㄉㄡˇ,高-475,473
發起,發起,"fāqĭ ",Vp,ㄈㄚ　ㄑㄧˇ,高-476,474
發射,發射,"fāshè ",V,ㄈㄚ　ㄕㄜˋ,高-477,475
發行,發行,"fāxíng ",V,ㄈㄚ　ㄒㄧㄥˊ,高-478,476
發言,發言,"fāyán ",V-sep,ㄈㄚ　ㄧㄢˊ,高-479,477
發揚,發揚,"fāyáng ",V,ㄈㄚ　ㄧㄤˊ,高-480,478
發音,發音,"fāyīn ",Vi,ㄈㄚ　ㄧㄣ,高-481,479
發展,發展,"fāzhăn ",V,ㄈㄚ　ㄓㄢˇ,高-482,480
罰,罰,"fá ",V,ㄈㄚˊ,高-483,481
法子,法子,"fázi ",N,ㄈㄚˊ　˙ㄗ,高-484,482
法院,法院,"făyuàn ",N,ㄈㄚˇ　ㄩㄢˋ,高-485,483
髮型,髮型,"făxíng ",N,ㄈㄚˇ　ㄒㄧㄥˊ,高-486,484
番,番,"fān ",M,ㄈㄢ,高-487,485
翻,翻,"fān ",V,ㄈㄢ,高-488,486
煩,煩,"fán ",Vs,ㄈㄢˊ,高-489,487
煩惱,煩惱,"fánnăo ",N,ㄈㄢˊ　ㄋㄠˇ,高-490,488
繁忙,繁忙,"fánmáng ",Vs,ㄈㄢˊ　ㄇㄤˊ,高-491,489
繁榮,繁榮,"fánróng ",Vs,ㄈㄢˊ　ㄖㄨㄥˊ,高-492,490
繁殖,繁殖,"fánzhí ",V,ㄈㄢˊ　ㄓˊ,高-493,491
反,反,"făn ",V,ㄈㄢˇ,高-494,492
反,反,"făn ",Vst,ㄈㄢˇ,高-495,493
反對,反對,"fănduì ",Vst,ㄈㄢˇ　ㄉㄨㄟˋ,高-496,494
反覆,反覆,"fănfù ",Adv,ㄈㄢˇ　ㄈㄨˋ,高-497,495
反抗,反抗,"fănkàng ",V,ㄈㄢˇ　ㄎㄤˋ,高-498,496
反面,反面,"fănmiàn ",N,ㄈㄢˇ　ㄇㄧㄢˋ,高-499,497
反問,反問,"fănwèn ",V,ㄈㄢˇ　ㄨㄣˋ,高-500,498
反映,反映,"fănyìng ",V,ㄈㄢˇ　ㄧㄥˋ,高-501,499
反應,反應,"fănyìng ",Vi,ㄈㄢˇ　ㄧㄥˋ,高-502,500
反正,反正,"fănzhèng ",Adv,ㄈㄢˇ　ㄓㄥˋ,高-503,501
返回,返回,"fănhuí ",V,ㄈㄢˇ　ㄏㄨㄟˊ,高-504,502
犯錯,犯錯,"fàncuò ",V-sep,ㄈㄢˋ　ㄘㄨㄛˋ,高-505,503
犯法,犯法,"fànfă ",V-sep,ㄈㄢˋ　ㄈㄚˇ,高-506,504
犯人,犯人,"fànrén ",N,ㄈㄢˋ　ㄖㄣˊ,高-507,505
犯罪,犯罪,"fànzuì ",V-sep,ㄈㄢˋ　ㄗㄨㄟˋ,高-508,506
方,方,"fāng ",Vs-attr,ㄈㄤ,高-509,507
方案,方案,"fāngàn ",N,ㄈㄤ　ㄢˋ,高-510,508
防,防,"fáng ",V,ㄈㄤˊ,高-511,509
防守,防守,"fángshǒu ",V,ㄈㄤˊ　ㄕㄡˇ,高-512,510
防止,防止,"fángzhĭ ",V,ㄈㄤˊ　ㄓˇ,高-513,511
放大,放大,"fàngdà ",V,ㄈㄤˋ　ㄉㄚˋ,高-514,512
放棄,放棄,"fàngqì ",V,ㄈㄤˋ　ㄑㄧˋ,高-515,513
放手,放手,"fàngshŏu ",Vi,ㄈㄤˋ　ㄕㄡˇ,高-516,514
放學,放學,"fàngxué ",Vp-sep,ㄈㄤˋ　ㄒㄩㄝˊ,高-517,515
非法,非法,"fēifă ",Vs-attr,ㄈㄟ　ㄈㄚˇ,高-518,516
肥,肥,"féi ",Vs,ㄈㄟˊ,高-519,517
肥胖,肥胖,"féipàng ",Vs,ㄈㄟˊ　ㄆㄤˋ,高-520,518
肥皂,肥皂,"féizào ",N,ㄈㄟˊ　ㄗㄠˋ,高-521,519
肺,肺,"fèi ",N,ㄈㄟˋ,高-522,520
費,費,"fèi ",Vst,ㄈㄟˋ,高-523,521
廢話,廢話,"fèihuà ",N,ㄈㄟˋ　ㄏㄨㄚˋ,高-524,522
廢氣,廢氣,"fèiqì ",N,ㄈㄟˋ　ㄑㄧˋ,高-525,523
廢水,廢水,"fèishuǐ ",N,ㄈㄟˋ　ㄕㄨㄟˇ,高-526,524
廢物,廢物,"fèiwù ",N,ㄈㄟˋ　ㄨˋ,高-527,525
分別,分別,"fēnbié ",Adv,ㄈㄣ　ㄅㄧㄝˊ,高-528,526
分別,分別,"fēnbié ",N,ㄈㄣ　ㄅㄧㄝˊ,高-529,527
分別,分別,"fēnbié ",V,ㄈㄣ　ㄅㄧㄝˊ,高-530,528
分布/佈,分布,"fēnbù ",Vs,ㄈㄣ　ㄅㄨˋ,高-531,529
分工,分工,"fēngōng ",Vi,ㄈㄣ　ㄍㄨㄥ,高-532,530
分明,分明,"fēnmíng ",Vs-pred,ㄈㄣ　ㄇㄧㄥˊ,高-533,531
分配,分配,"fēnpèi ",V,ㄈㄣ　ㄆㄟˋ,高-534,532
分散,分散,"fēnsàn ",Vs,ㄈㄣ　ㄙㄢˋ,高-535,533
分手,分手,"fēnshǒu ",Vp,ㄈㄣ　ㄕㄡˇ,高-536,534
分數,分數,"fēnshù ",N,ㄈㄣ　ㄕㄨˋ,高-537,535
分析,分析,"fēnxī ",N,ㄈㄣ　ㄒㄧ,高-538,536
分析,分析,"fēnxī ",V,ㄈㄣ　ㄒㄧ,高-539,537
紛紛,紛紛,"fēnfēn ",Adv,ㄈㄣ　ㄈㄣ,高-540,538
吩咐,吩咐,"fēnfù ",V,ㄈㄣ　ㄈㄨˋ,高-541,539
粉筆,粉筆,"fěnbĭ ",N,ㄈㄣˇ　ㄅㄧˇ,高-542,540
份/份兒,份/份兒,fèn/fènr,N,ㄈㄣˋ/ㄈㄣˋㄦ,高-543,541
奮鬥,奮鬥,"fèndòu ",Vi,ㄈㄣˋ　ㄉㄡˋ,高-544,542
憤怒,憤怒,"fènnù ",Vs,ㄈㄣˋ　ㄋㄨˋ,高-545,543
封,封,"fēng ",V,ㄈㄥ,高-546,544
封建,封建,"fēngjiàn ",Vs-attr,ㄈㄥ　ㄐㄧㄢˋ,高-547,545
蜂蜜,蜂蜜,"fēngmì ",N,ㄈㄥ　ㄇㄧˋ,高-548,546
風氣,風氣,"fēngqì ",N,ㄈㄥ　ㄑㄧˋ,高-549,547
風趣,風趣,"fēngqù ",Vs,ㄈㄥ　ㄑㄩˋ,高-550,548
風險,風險,"fēngxiăn ",N,ㄈㄥ　ㄒㄧㄢˇ,高-551,549
瘋,瘋,"fēng ",Vp,ㄈㄥ,高-552,550
瘋狂,瘋狂,"fēngkuáng ",Vs,ㄈㄥ　ㄎㄨㄤˊ,高-553,551
瘋子,瘋子,"fēngzi ",N,ㄈㄥ　˙ㄗ,高-554,552
逢,逢,"féng ",Vst,ㄈㄥˊ,高-555,553
縫,縫,"féng ",V,ㄈㄥˊ,高-556,554
諷刺,諷刺,"fèngcì ",V,ㄈㄥˋ　ㄘˋ,高-557,555
否定,否定,"fŏudìng ",V,ㄈㄡˇ　ㄉㄧㄥˋ,高-558,556
否認,否認,"fŏurèn ",V,ㄈㄡˇ　ㄖㄣˋ,高-559,557
夫妻,夫妻,"fūqī ",N,ㄈㄨ　ㄑㄧ,高-560,558
夫人,夫人,"fūrén ",N,ㄈㄨ　ㄖㄣˊ,高-561,559
幅,幅,fú,M,ㄈㄨˊ,高-562,560
扶,扶,"fú ",V,ㄈㄨˊ,高-563,561
服,服,"fú ",V,ㄈㄨˊ,高-564,562
服,服,"fú ",Vst,ㄈㄨˊ,高-565,563
浮,浮,"fú ",Vi,ㄈㄨˊ,高-566,564
符號,符號,"fúhào ",N,ㄈㄨˊ　ㄏㄠˋ,高-567,565
付,付,"fù ",M,ㄈㄨˋ,高-568,566
赴,赴,"fù ",V,ㄈㄨˋ,高-569,567
副,副,"fù ",M,ㄈㄨˋ,高-570,568
輔導,輔導,"fŭdăo ",V,ㄈㄨˇ　ㄉㄠˇ,高-571,569
富,富,"fù ",Vs-attr,ㄈㄨˋ,高-572,570
富裕,富裕,"fùyù ",Vs,ㄈㄨˋ　ㄩˋ,高-573,571
附加,附加,"fùjiā ",Vpt,ㄈㄨˋ　ㄐㄧㄚ,高-574,572
婦女,婦女,"fùnǚ ",N,ㄈㄨˋ　ㄋㄩˇ,高-575,573
複雜,複雜,"fùzá ",Vs,ㄈㄨˋ　ㄗㄚˊ,高-576,574
複製,複製,"fùzhì ",V,ㄈㄨˋ　ㄓˋ,高-577,575
該,該,"gāi ",Det,ㄍㄞ,高-578,576
改革,改革,"găigé ",V,ㄍㄞˇ　ㄍㄜˊ,高-579,577
改造,改造,"găizào ",V,ㄍㄞˇ　ㄗㄠˋ,高-580,578
改正,改正,"găizhèng ",V,ㄍㄞˇ　ㄓㄥˋ,高-581,579
蓋(子),蓋,gài(zi),N,ㄍㄞˋ,高-582,580
肝,肝,"gān ",N,ㄍㄢ,高-583,581
乾杯,乾杯,"gānbēi ",Vi,ㄍㄢ　ㄅㄟ,高-584,582
乾脆,乾脆,"gāncuì ",Vs,ㄍㄢ　ㄘㄨㄟˋ,高-585,583
趕,趕,"găn ",Vs,ㄍㄢˇ,高-586,584
趕緊,趕緊,"gănjĭn ",Adv,ㄍㄢˇ　ㄐㄧㄣˇ,高-587,585
感到,感到,"găndào ",Vpt,ㄍㄢˇㄉㄠˋ,高-588,586
感恩,感恩,"gănēn ",Vs,ㄍㄢˇ　ㄣ,高-589,587
感激,感激,"gănjī ",Vst,ㄍㄢˇ　ㄐㄧ,高-590,588
感情,感情,"gănqíng ",N,ㄍㄢˇ　ㄑㄧㄥˊ,高-591,589
感染,感染,"gănrăn ",Vpt,ㄍㄢˇ　ㄖㄢˇ,高-592,590
感受,感受,"gănshòu ",N,ㄍㄢˇ　ㄕㄡˋ,高-593,591
感受,感受,"gănshòu ",Vst,ㄍㄢˇ　ㄕㄡˋ,高-594,592
幹,幹,"gàn ",V,ㄍㄢˋ,高-595,593
幹部,幹部,"gànbù ",N,ㄍㄢˋ　ㄅㄨˋ,高-596,594
幹嘛,幹嘛,gànma,Adv,ㄍㄢˋㄇㄚ˙,高-597,595
幹嘛,幹嘛,gànma,Vi,ㄍㄢˋㄇㄚ˙,高-598,596
幹什麼,幹什麼,"gànshénme ",,ㄍㄢˋ　ㄕㄣˊ　˙ㄇㄜ,高-599,597
鋼,鋼,"gāng ",N,ㄍㄤ,高-600,598
鋼筆,鋼筆,gāngbĭ,N,ㄍㄤ　ㄅㄧˇ,高-601,599
剛好,剛好,"gānghăo ",Vs,ㄍㄤ　ㄏㄠˇ,高-602,600
港幣,港幣,"găngbì ",N,ㄍㄤˇ　ㄅㄧˋ,高-603,601
港口,港口,"găngkŏu ",N,ㄍㄤˇ　ㄎㄡˇ,高-604,602
高潮,高潮,"gāocháo ",N,ㄍㄠ　ㄔㄠˊ,高-605,603
高大,高大,"gāodà ",Vs,ㄍㄠ　ㄉㄚˋ,高-606,604
高度,高度,"gāodù ",N,ㄍㄠ　ㄉㄨˋ,高-607,605
高度,高度,"gāodù ",Vs-attr,ㄍㄠ　ㄉㄨˋ,高-608,606
高峰,高峰,"gāofēng ",N,ㄍㄠ　ㄈㄥ,高-609,607
高貴,高貴,"gāoguì ",Vs,ㄍㄠ　ㄍㄨㄟˋ,高-610,608
高級,高級,"gāojí ",Vs,ㄍㄠ　ㄐㄧˊ,高-611,609
高明,高明,"gāomíng ",Vs,ㄍㄠ　ㄇㄧㄥˊ,高-612,610
高手,高手,"gāoshŏu ",N,ㄍㄠ　ㄕㄡˇ,高-613,611
高原,高原,"gāoyuán ",N,ㄍㄠ　ㄩㄢˊ,高-614,612
告,告,"gào ",V,ㄍㄠˋ,高-615,613
告辭,告辭,"gàocí ",Vi,ㄍㄠˋ　ㄘˊ,高-616,614
割,割,"gē ",V,ㄍㄜ,高-617,615
擱,擱,"gē ",V,ㄍㄜ,高-618,616
歌劇,歌劇,"gējù ",N,ㄍㄜ　ㄐㄩˋ,高-619,617
隔,隔,"gé ",Vst,ㄍㄜˊ,高-620,618
革命,革命,"gémìng ",N,ㄍㄜˊ　ㄇㄧㄥˋ,高-621,619
各,各,"gè ",Adv,ㄍㄜˋ,高-622,620
各行各業,各行各業,"gèhánggèyè ",N,ㄍㄜˋ　ㄏㄤˊ　ㄍㄜˋ　ㄧㄝˋ,高-623,621
個別,個別,"gèbié  ",Vs-attr,ㄍㄜˋ　ㄅㄧㄝˊ,高-624,622
個性,個性,"gèxìng ",N,ㄍㄜˋ　ㄒㄧㄥˋ,高-625,623
根本,根本,"gēnběn ",Adv,ㄍㄣ　ㄅㄣˇ,高-627,624
根本,根本,"gēnběn ",N,ㄍㄣ　ㄅㄣˇ,高-628,625
根據,根據,"gēnjù ",N,ㄍㄣ　ㄐㄩˋ,高-629,626
供,供,"gōng ",V,ㄍㄨㄥ,高-630,627
工程,工程,"gōngchéng ",N,ㄍㄨㄥ　ㄔㄥˊ,高-631,628
工夫,工夫,"gōngfu ",N,ㄍㄨㄥ　˙ㄈㄨ,高-632,629
工會,工會,"gōnghuì ",N,ㄍㄨㄥ　ㄏㄨㄟˋ,高-633,630
工錢,工錢,"gōngqián ",N,ㄍㄨㄥ　ㄑㄧㄢˊ,高-634,631
工資,工資,"gōngzī ",N,ㄍㄨㄥ　ㄗ,高-635,632
公布/佈,公布,"gōngbù ",V,ㄍㄨㄥ　ㄅㄨˋ,高-636,633
公公,公公,gōnggōng,N,ㄍㄨㄥ　˙ㄍㄨㄥ,高-637,634
公開,公開,"gōngkāi ",Vs,ㄍㄨㄥ　ㄎㄞ,高-638,635
公立,公立,"gōnglì ",Vs-attr,ㄍㄨㄥ　ㄌㄧˋ,高-639,636
公平,公平,"gōngpíng ",Vs,ㄍㄨㄥ　ㄆㄧㄥˊ,高-640,637
公式,公式,"gōngshì ",N,ㄍㄨㄥ　ㄕˋ,高-641,638
公用,公用,"gōngyòng ",Vs-attr,ㄍㄨㄥ　ㄩㄥˋ,高-642,639
公元,公元,"gōngyuán ",N,ㄍㄨㄥ　ㄩㄢˊ,高-643,640
供應,供應,"gōngyìng ",V,ㄍㄨㄥ　ㄧㄥˋ,高-644,641
共,共,"gòng ",Adv,ㄍㄨㄥˋ,高-645,642
共同,共同,"gòngtóng ",Adv,ㄍㄨㄥˋ　ㄊㄨㄥˊ,高-646,643
構成,構成,"gòuchéng ",V,ㄍㄡˋ　ㄔㄥˊ,高-647,644
構造,構造,"gòuzào ",N,ㄍㄡˋ　ㄗㄠˋ,高-648,645
孤單,孤單,"gūdān ",Vs,ㄍㄨ　ㄉㄢ,高-649,646
估計,估計,"gūjì ",V,ㄍㄨ　ㄐㄧˋ,高-650,647
姑姑(˙ㄍㄨ),姑姑(˙ㄍㄨ),gūgu,N,ㄍㄨ　˙ㄍㄨ,高-651,648
姑丈,姑丈,gūzhàng,N,ㄍㄨ　ㄓㄤˋ,高-652,649
古典,古典,"gŭdiăn ",Vs,ㄍㄨˇ　ㄉㄧㄢˇ,高-653,650
鼓,鼓,"gŭ ",N,ㄍㄨˇ,高-654,651
鼓勵,鼓勵,"gŭlì ",N,ㄍㄨˇ　ㄌㄧˋ,高-655,652
鼓勵,鼓勵,"gŭlì ",V,ㄍㄨˇ　ㄌㄧˋ,高-656,653
鼓舞,鼓舞,"gŭwŭ ",V,ㄍㄨˇ　ㄨˇ,高-657,654
鼓掌,鼓掌,"gŭzhăng ",Vi,ㄍㄨˇ　ㄓㄤˇ,高-658,655
骨頭(˙ㄊㄡ),骨頭(˙ㄊㄡ),"gútou ",N,ㄍㄨˊ　˙ㄊㄡ,高-659,656
固定,固定,"gùdìng ",Vs,ㄍㄨˋ　ㄉㄧㄥˋ,高-660,657
顧問,顧問,"gùwèn ",N,ㄍㄨˋ　ㄨㄣˋ,高-661,658
故鄉,故鄉,"gùxiāng ",N,ㄍㄨˋ　ㄒㄧㄤ,高-662,659
瓜,瓜,"guā ",N,ㄍㄨㄚ,高-663,660
瓜子,瓜子,guāzĭ,N,ㄍㄨㄚ　ㄗˇ,高-664,661
掛號信,掛號信,"guàhàoxìn ",N,ㄍㄨㄚˋ　ㄏㄠˋ　ㄒㄧㄣˋ,高-665,662
怪,怪,"guài ",Adv,ㄍㄨㄞˋ,高-666,663
官方,官方,"guānfāng ",N,ㄍㄨㄢ　ㄈㄤ,高-667,664
官員,官員,"guānyuán ",N,ㄍㄨㄢ　ㄩㄢˊ,高-668,665
關,關,"guān ",M,ㄍㄨㄢ,高-669,666
關鍵,關鍵,"guānjiàn ",N,ㄍㄨㄢ　ㄐㄧㄢˋ,高-670,667
關上,關上,"guānshàng ",V,ㄍㄨㄢㄕㄤˋ,高-671,668
關於,關於,"guānyú ",Prep,ㄍㄨㄢ　ㄩˊ,高-672,669
觀光,觀光,"guānguāng ",Vi,ㄍㄨㄢ　ㄍㄨㄤ,高-673,670
管道,管道,"guăndào ",N,ㄍㄨㄢˇ　ㄉㄠˋ,高-674,671
管制,管制,"guănzhì ",V,ㄍㄨㄢˇ　ㄓˋ,高-675,672
慣,慣,"guàn ",Vp,ㄍㄨㄢˋ,高-676,673
慣例,慣例,"guànlì ",N,ㄍㄨㄢˋ　ㄌㄧˋ,高-677,674
冠軍,冠軍,"guànjūn ",N,ㄍㄨㄢˋ　ㄐㄩㄣ,高-678,675
罐頭(˙ㄊㄡ),罐頭(˙ㄊㄡ),"guàntou ",N,ㄍㄨㄢˋ　˙ㄊㄡ,高-679,676
罐子,罐子,"guànzi ",N,ㄍㄨㄢˋ　˙ㄗ,高-680,677
光,光,"guāng ",Adv,ㄍㄨㄤ,高-681,678
光,光,"guāng ",Vp,ㄍㄨㄤ,高-682,679
光亮,光亮,"guāngliàng ",Vs,ㄍㄨㄤ　ㄌㄧㄤˋ,高-683,680
光臨,光臨,"guānglín ",V,ㄍㄨㄤ　ㄌㄧㄣˊ,高-684,681
光明,光明,"guāngmíng ",Vs,ㄍㄨㄤ　ㄇㄧㄥˊ,高-685,682
光榮,光榮,"guāngróng ",Vs,ㄍㄨㄤ　ㄖㄨㄥˊ,高-686,683
光是,光是,"guāngshì ",Adv,ㄍㄨㄤㄕˋ,高-687,684
光線,光線,"guāngxiàn ",N,ㄍㄨㄤ　ㄒㄧㄢˋ,高-688,685
廣,廣,"guăng ",Vs,ㄍㄨㄤˇ,高-689,686
廣大,廣大,"guăngdà ",Vs,ㄍㄨㄤˇ　ㄉㄚˋ,高-690,687
廣泛,廣泛,"guăngfàn ",Vs,ㄍㄨㄤˇ　ㄈㄢˋ,高-691,688
廣告,廣告,"guănggào ",Vi,ㄍㄨㄤˇ　ㄍㄠˋ,高-692,689
廣闊,廣闊,"guăngkuò ",Vs,ㄍㄨㄤˇ　ㄎㄨㄛˋ,高-693,690
規定,規定,"guīdìng ",N,ㄍㄨㄟ　ㄉㄧㄥˋ,高-694,691
規定,規定,"guīdìng ",V,ㄍㄨㄟ　ㄉㄧㄥˋ,高-695,692
規畫/劃,規畫,"guīhuà ",N,ㄍㄨㄟ　ㄏㄨㄚˋ,高-696,693
規畫/劃,規畫,"guīhuà ",V,ㄍㄨㄟ　ㄏㄨㄚˋ,高-697,694
規律,規律,"guīlǜ ",N,ㄍㄨㄟ　ㄌㄩˋ,高-698,695
規則,規則,"guīzé ",N,ㄍㄨㄟ　ㄗㄜˊ,高-699,696
跪,跪,"guì ",Vi,ㄍㄨㄟˋ,高-700,697
櫃臺/台,櫃臺,"guìtái ",N,ㄍㄨㄟˋ　ㄊㄞˊ,高-701,698
貴族,貴族,"guìzú ",N,ㄍㄨㄟˋ　ㄗㄨˊ,高-702,699
滾,滾,"gŭn ",Vi,ㄍㄨㄣˇ,高-703,700
鍋(子),鍋,guō(zi),N,ㄍㄨㄛ,高-704,701
國會,國會,"guóhuì ",N,ㄍㄨㄛˊ　ㄏㄨㄟˋ,高-705,702
國籍,國籍,"guójí ",N,ㄍㄨㄛˊ　ㄐㄧˊ,高-706,703
國際,國際,"guójì ",N,ㄍㄨㄛˊ　ㄐㄧˋ,高-707,704
國立,國立,"guólì ",Vs-attr,ㄍㄨㄛˊ　ㄌㄧˋ,高-708,705
國旗,國旗,"guóqí ",N,ㄍㄨㄛˊ　ㄑㄧˊ,高-709,706
國小,國小,"guóxiăo ",N,ㄍㄨㄛˊ　ㄒㄧㄠˇ,高-710,707
國中,國中,"guózhōng ",N,ㄍㄨㄛˊ　ㄓㄨㄥ,高-711,708
裹,裹,guŏ,V,ㄍㄨㄛˇ,高-712,709
果然,果然,"guŏrán ",Adv,ㄍㄨㄛˇ　ㄖㄢˊ,高-713,710
過,過,"guò ",Adv,ㄍㄨㄛˋ,高-714,711
過程,過程,"guòchéng ",N,ㄍㄨㄛˋ　ㄔㄥˊ,高-715,712
過度,過度,"guòdù ",Vs,ㄍㄨㄛˋ　ㄉㄨˋ,高-716,713
過渡,過渡,"guòdù ",Vi,ㄍㄨㄛˋ　ㄉㄨˋ,高-717,714
過節,過節,"guòjié ",V-sep,ㄍㄨㄛˋ　ㄐㄧㄝˊ,高-718,715
過濾,過濾,guòlǜ,V,ㄍㄨㄛˋ　ㄌㄩˋ,高-719,716
過期,過期,"guòqí ",Vp,ㄍㄨㄛˋ　ㄑㄧˊ,高-720,717
過世,過世,"guòshì ",Vp,ㄍㄨㄛˋ　ㄕˋ,高-721,718
還不如,還不如,"háibùrú ",Conj,ㄏㄞˊㄅㄨˋㄖㄨˊ,高-722,719
還有,還有,"háiyŏu  ",Conj,ㄏㄞˊ　ㄧㄡˇ,高-723,720
海關,海關,"hăiguān  ",N,ㄏㄞˇ　ㄍㄨㄢ,高-724,721
海軍,海軍,"hăijūn  ",N,ㄏㄞˇ　ㄐㄩㄣ,高-725,722
海外,海外,"hăiwài  ",N,ㄏㄞˇ　ㄨㄞˋ,高-726,723
海峽,海峽,"hăixiá  ",N,ㄏㄞˇ　ㄒㄧㄚˊ,高-727,724
海鮮,海鮮,"hăixiān  ",N,ㄏㄞˇ　ㄒㄧㄢ,高-728,725
害處,害處,"hàichù ",N,ㄏㄞˋ　ㄔㄨˋ,高-729,726
含,含,"hán ",V,ㄏㄢˊ,高-730,727
含,含,"hán ",Vst,ㄏㄢˊ,高-731,728
含量,含量,"hánliàng  ",N,ㄏㄢˊ　ㄌㄧㄤˋ,高-732,729
寒冷,寒冷,"hánlěng  ",Vs,ㄏㄢˊ　ㄌㄥˇ,高-733,730
喊,喊,"hăn ",V,ㄏㄢˇ,高-734,731
汗,汗,"hàn ",N,ㄏㄢˋ,高-735,732
行業,行業,"hángyè ",N,ㄏㄤˊ　ㄧㄝˋ,高-736,733
毫無,毫無,"háowú ",Vst,ㄏㄠˊ　ㄨˊ,高-737,734
好,好,"hăo ",Adv,ㄏㄠˇ,高-738,735
好,好,"hăo ",Conj,ㄏㄠˇ,高-739,736
好在,好在,"hăozài ",Adv,ㄏㄠˇ　ㄗㄞˋ,高-740,737
耗,耗,"hào ",Vst,ㄏㄠˋ,高-741,738
好客,好客,"hàokè ",Vs,ㄏㄠˋ　ㄎㄜˋ,高-742,739
好奇,好奇,"hàoqí ",Vs,ㄏㄠˋ　ㄑㄧˊ,高-743,740
號召,號召,"hàozhào ",V,ㄏㄠˋ　ㄓㄠˋ,高-744,741
合,合,"hé ",Vi,ㄏㄜˊ,高-745,742
合,合,"hé ",Vs,ㄏㄜˊ,高-746,743
合不(˙ㄅㄨ)來,合不(˙ㄅㄨ)來,"hébulái ",Vs,ㄏㄜˊ　˙ㄅㄨ　ㄌㄞˊ,高-747,744
合成,合成,"héchéng ",Vst,ㄏㄜˊ　ㄔㄥˊ,高-748,745
合得來,合得來,"hédelái ",Vs,ㄏㄜˊ　˙ㄉㄜ　ㄌㄞˊ,高-749,746
合法,合法,"héfă ",Vs,ㄏㄜˊ　ㄈㄚˇ,高-750,747
合格,合格,"hégé ",Vp,ㄏㄜˊ　ㄍㄜˊ,高-751,748
合乎,合乎,"héhū ",Vst,ㄏㄜˊㄏㄨ,高-752,749
合理,合理,"hélĭ ",Vs,ㄏㄜˊ　ㄌㄧˇ,高-753,750
合適,合適,"héshì ",Vs,ㄏㄜˊ　ㄕˋ,高-754,751
合算,合算,"hésuàn ",Vs,ㄏㄜˊ　ㄙㄨㄢˋ,高-755,752
和好,和好,"héhăo ",Vp,ㄏㄜˊ　ㄏㄠˇ,高-756,753
和平,和平,"hépíng ",Vs,ㄏㄜˊ　ㄆㄧㄥˊ,高-757,754
和氣,和氣,"héqì ",Vs,ㄏㄜˊ　ㄑㄧˋ,高-758,755
何必,何必,"hébì ",Adv,ㄏㄜˊ　ㄅㄧˋ,高-759,756
何況,何況,"hékuàng ",Conj,ㄏㄜˊ　ㄎㄨㄤˋ,高-760,757
河流,河流,"héliú ",N,ㄏㄜˊ　ㄌㄧㄡˊ,高-761,758
嘿,嘿,"hēi ",Ptc,ㄏㄟ,高-762,759
黑暗,黑暗,"hēiàn ",Vs,ㄏㄟ　ㄢˋ,高-763,760
黑夜,黑夜,"hēiyè ",N,ㄏㄟ　ㄧㄝˋ,高-764,761
痕跡,痕跡,"hénjī ",N,ㄏㄣˊ　ㄐㄧ,高-765,762
恨,恨,"hèn ",N,ㄏㄣˋ,高-766,763
橫,橫,"héng ",Vs-attr,ㄏㄥˊ,高-767,764
喉嚨(˙ㄌㄨㄥ),喉嚨(˙ㄌㄨㄥ),"hóulong ",N,ㄏㄡˊ　˙ㄌㄨㄥ,高-768,765
猴子,猴子,"hóuzi ",N,ㄏㄡˊ　˙ㄗ,高-769,766
後代,後代,"hòudài ",N,ㄏㄡˋ　ㄉㄞˋ,高-770,767
後方,後方,"hòufāng ",N,ㄏㄡˋ　ㄈㄤ,高-771,768
後果,後果,hòuguŏ,N,ㄏㄡˋ　ㄍㄨㄛˇ,高-772,769
後悔,後悔,"hòuhuĭ ",Vs,ㄏㄡˋ　ㄏㄨㄟˇ,高-773,770
後年,後年,"hòunián ",N,ㄏㄡˋ　ㄋㄧㄢˊ,高-774,771
後頭(˙ㄊㄡ),後頭(˙ㄊㄡ),"hòutou ",N,ㄏㄡˋ　˙ㄊㄡ,高-775,772
後退,後退,"hòutuì ",Vi,ㄏㄡˋ　ㄊㄨㄟˋ,高-776,773
後院,後院,"hòuyuàn ",N,ㄏㄡˋ　ㄩㄢˋ,高-777,774
呼,呼,"hū ",V,ㄏㄨ,高-778,775
呼吸,呼吸,"hūxī ",Vi,ㄏㄨ　ㄒㄧ,高-779,776
忽略,忽略,"hūlüè ",Vst,ㄏㄨ　ㄌㄩㄝˋ,高-780,777
忽視,忽視,"hūshì ",Vst,ㄏㄨ　ㄕˋ,高-781,778
蝴蝶,蝴蝶,"húdié ",N,ㄏㄨˊ　ㄉㄧㄝˊ,高-782,779
鬍子,鬍子,"húzi ",N,ㄏㄨˊ　˙ㄗ,高-783,780
戶,戶,"hù ",M,ㄏㄨˋ,高-784,781
戶外,戶外,"hùwài ",N,ㄏㄨˋ　ㄨㄞˋ,高-785,782
互助,互助,"hùzhù ",Vi,ㄏㄨˋ　ㄓㄨˋ,高-786,783
花草,花草,"huācăo ",N,ㄏㄨㄚ　ㄘㄠˇ,高-787,784
花費,花費,"huāfèi ",N,ㄏㄨㄚ　ㄈㄟˋ,高-788,785
花費,花費,"huāfèi ",V,ㄏㄨㄚ　ㄈㄟˋ,高-789,786
花盆,花盆,"huāpén ",N,ㄏㄨㄚ　ㄆㄣˊ,高-790,787
花瓶,花瓶,"huāpíng ",N,ㄏㄨㄚ　ㄆㄧㄥˊ,高-791,788
花色,花色,"huāsè ",N,ㄏㄨㄚ　ㄙㄜˋ,高-792,789
花生,花生,"huāshēng ",N,ㄏㄨㄚ　ㄕㄥ,高-793,790
划,划,"huá ",V,ㄏㄨㄚˊ,高-794,791
滑,滑,"huá ",Vp,ㄏㄨㄚˊ,高-795,792
滑,滑,"huá ",Vs,ㄏㄨㄚˊ,高-796,793
華僑,華僑,"huáqiáo ",N,ㄏㄨㄚˊ　ㄑㄧㄠˊ,高-797,794
華人,華人,"huárén ",N,ㄏㄨㄚˊ　ㄖㄣˊ,高-798,795
化,化,"huà ",Vst,ㄏㄨㄚˋ,高-799,796
化,化,"huà ",Vp,ㄏㄨㄚˋ,高-800,797
化學,化學,"huàxué ",N,ㄏㄨㄚˋ　ㄒㄩㄝˊ,高-801,798
化妝,化妝,"huàzhuāng ",Vi,ㄏㄨㄚˋ　ㄓㄨㄤ,高-802,799
化裝,化裝,"huàzhuāng ",Vi,ㄏㄨㄚˋ　ㄓㄨㄤ,高-803,800
懷念,懷念,"huáiniàn ",Vst,ㄏㄨㄞˊ　ㄋㄧㄢˋ,高-804,801
懷孕,懷孕,"huáiyùn ",Vi,ㄏㄨㄞˊ　ㄩㄣˋ,高-805,802
壞蛋,壞蛋,"huàidàn ",N,ㄏㄨㄞˋ　ㄉㄢˋ,高-806,803
歡呼,歡呼,"huānhū ",Vi,ㄏㄨㄢ　ㄏㄨ,高-807,804
歡樂,歡樂,"huānlè ",Vs,ㄏㄨㄢ　ㄌㄜˋ,高-808,805
歡喜,歡喜,"huānxĭ ",Vs,ㄏㄨㄢ　ㄒㄧˇ,高-809,806
緩和,緩和,"huănhé ",V,ㄏㄨㄢˇ　ㄏㄜˊ,高-810,807
緩慢,緩慢,"huănmàn ",Vs,ㄏㄨㄢˇ　ㄇㄢˋ,高-811,808
幻想,幻想,"huànxiăng ",N,ㄏㄨㄢˋ　ㄒㄧㄤˇ,高-812,809
幻想,幻想,"huànxiăng ",Vi,ㄏㄨㄢˋ　ㄒㄧㄤˇ,高-813,810
慌,慌,"huāng ",Vs,ㄏㄨㄤ,高-814,811
皇帝,皇帝,"huángdì ",N,ㄏㄨㄤˊ　ㄉㄧˋ,高-815,812
黃豆,黃豆,"huángdòu ",N,ㄏㄨㄤˊ　ㄉㄡˋ,高-816,813
黃昏,黃昏,"huánghūn ",N,ㄏㄨㄤˊ　ㄏㄨㄣ,高-817,814
灰,灰,"huī ",Vs-attr,ㄏㄨㄟ,高-818,815
灰色,灰色,"huīsè ",N,ㄏㄨㄟ　ㄙㄜˋ,高-819,816
灰心,灰心,"huīxīn ",Vs,ㄏㄨㄟ　ㄒㄧㄣ,高-820,817
揮,揮,"huī ",V,ㄏㄨㄟ,高-821,818
回,回,"huí ",V,ㄏㄨㄟˊ,高-822,819
回電,回電,"huídiàn ",V-sep,ㄏㄨㄟˊ　ㄉㄧㄢˋ,高-823,820
回教/伊斯蘭教,回教,"huíjiào /yīsīlánjiào",N,ㄏㄨㄟˊ　ㄐㄧㄠˋ/ㄧ　ㄙ　ㄌㄢˊ　ㄐㄧㄠˋ,高-824,821
回收,回收,"huíshōu ",V,ㄏㄨㄟˊ　ㄕㄡ,高-825,822
回頭,回頭,"huítóu ",V-sep,ㄏㄨㄟˊ　ㄊㄡˊ,高-826,823
回信,回信,"huíxìn ",V-sep,ㄏㄨㄟˊ　ㄒㄧㄣˋ,高-827,824
回憶,回憶,"huíyì ",Vst,ㄏㄨㄟˊ　ㄧˋ,高-828,825
匯款,匯款,"huìkuăn ",V-sep,ㄏㄨㄟˋ　ㄎㄨㄢˇ,高-829,826
會員,會員,"huìyuán ",N,ㄏㄨㄟˋ　ㄩㄢˊ,高-830,827
昏倒,昏倒,"hūndăo ",Vp,ㄏㄨㄣ　ㄉㄠˇ,高-831,828
昏迷,昏迷,"hūnmí ",Vp,ㄏㄨㄣ　ㄇㄧˊ,高-832,829
混,混,"hùn ",V,ㄏㄨㄣˋ,高-833,830
混合,混合,"hùnhé ",V,ㄏㄨㄣˋ　ㄏㄜˊ,高-834,831
活該,活該,"huógāi ",Vs,ㄏㄨㄛˊ　ㄍㄞ,高-835,832
活力,活力,"huólì ",N,ㄏㄨㄛˊ　ㄌㄧˋ,高-836,833
活潑,活潑,"huópō ",Vs,ㄏㄨㄛˊ　ㄆㄛ,高-837,834
活躍,活躍,"huóyuè ",Vs,ㄏㄨㄛˊ　ㄩㄝˋ,高-838,835
火柴,火柴,"huŏchái ",N,ㄏㄨㄛˇ　ㄔㄞˊ,高-839,836
火腿,火腿,"huŏtuĭ ",N,ㄏㄨㄛˇ　ㄊㄨㄟˇ,高-840,837
火災,火災,"huŏzāi ",N,ㄏㄨㄛˇ　ㄗㄞ,高-841,838
禍,禍,"huò ",N,ㄏㄨㄛˋ,高-842,839
或多或少,或多或少,"huòduōhuòshăo ",Adv,ㄏㄨㄛˋㄉㄨㄛㄏㄨㄛˋㄕㄠˇ,高-843,840
或者,或者,"huòzhě ",Conj,ㄏㄨㄛˋ　ㄓㄜˇ,高-844,841
貨物,貨物,"huòwù ",N,ㄏㄨㄛˋ　ㄨˋ,高-845,842
獲得,獲得,"huòdé ",Vpt,ㄏㄨㄛˋ　ㄉㄜˊ,高-846,843
肌肉,肌肉,"jīròu  ",N,ㄐㄧ　ㄖㄡˋ,高-847,844
基本上,基本上,"jīběnshàng  ",Adv,ㄐㄧ　ㄅㄣˇ　ㄕㄤˋ,高-848,845
基金,基金,"jījīn  ",N,ㄐㄧ　ㄐㄧㄣ,高-849,846
幾乎,幾乎,"jīhū  ",Adv,ㄐㄧ　ㄏㄨ,高-850,847
機構,機構,"jīgòu  ",N,ㄐㄧ　ㄍㄡˋ,高-851,848
機關,機關,"jīguān  ",N,ㄐㄧ　ㄍㄨㄢ,高-852,849
機票,機票,"jīpiào  ",N,ㄐㄧ　ㄆㄧㄠˋ,高-853,850
機械,機械,"jīxiè  ",N,ㄐㄧ　ㄒㄧㄝˋ,高-854,851
及格,及格,"jígé  ",Vp,ㄐㄧˊ　ㄍㄜˊ,高-855,852
及時,及時,"jíshí ",Adv,ㄐㄧˊ　ㄕˊ,高-856,853
即將,即將,"jíjiāng  ",Adv,ㄐㄧˊ　ㄐㄧㄤ,高-857,854
即使,即使,"jíshĭ ",Conj,ㄐㄧˊ　ㄕˇ,高-858,855
極其,極其,"jíqí  ",Adv,ㄐㄧˊ　ㄑㄧˊ,高-860,856
級,級,"jí ",M,ㄐㄧˊ,高-861,857
集,集,"jí ",M,ㄐㄧˊ,高-862,858
集,集,"jí ",V,ㄐㄧˊ,高-863,859
集合,集合,"jíhé ",Vi,ㄐㄧˊ　ㄏㄜˊ,高-864,860
集郵,集郵,"jíyóu  ",Vi,ㄐㄧˊ　ㄧㄡˊ,高-865,861
集中,集中,"jízhōng  ",V,ㄐㄧˊ　ㄓㄨㄥ,高-866,862
集中,集中,"jízhōng  ",Vs,ㄐㄧˊ　ㄓㄨㄥ,高-867,863
疾病,疾病,"jíbìng ",N,ㄐㄧˊ　ㄅㄧㄥˋ,高-868,864
急忙,急忙,"jímáng  ",Adv,ㄐㄧˊ　ㄇㄤˊ,高-869,865
寂寞,寂寞,"jímò  ",Vs,ㄐㄧˊ　ㄇㄛˋ,高-870,866
既然,既然,"jìrán  ",Conj,ㄐㄧˋ　ㄖㄢˊ,高-871,867
技術,技術,"jìshù  ",N,ㄐㄧˋ　ㄕㄨˋ,高-872,868
計算,計算,"jìsuàn  ",V,ㄐㄧˋ　ㄙㄨㄢˋ,高-873,869
計較,計較,"jìjiào  ",Vs,ㄐㄧˋ　ㄐㄧㄠˋ,高-874,870
記性,記性,"jìxìng ",N,ㄐㄧˋ　ㄒㄧㄥˋ,高-875,871
記憶,記憶,"jìyì ",Vi,ㄐㄧˋ　ㄧˋ,高-876,872
記載,記載,"jìzài ",V,ㄐㄧˋ　ㄗㄞˋ,高-877,873
記住,記住,"jìzhù ",Vpt,ㄐㄧˋ　ㄓㄨˋ,高-878,874
加班,加班,"jiābān ",V-sep,ㄐㄧㄚ　ㄅㄢ,高-879,875
加工,加工,"jiāgōng ",V-sep,ㄐㄧㄚ　ㄍㄨㄥ,高-880,876
加上,加上,"jiāshàng ",Conj,ㄐㄧㄚㄕㄤˋ,高-881,877
加速,加速,"jiāsù ",V,ㄐㄧㄚ　ㄙㄨˋ,高-882,878
加以,加以,"jiāyǐ ",Adv,ㄐㄧㄚ　ㄧˇ,高-883,879
家事,家事,"jiāshì ",N,ㄐㄧㄚ　ㄕˋ,高-884,880
夾,夾,"jiá ",V,ㄐㄧㄚˊ,高-885,881
甲,甲,"jiă ",N/M,ㄐㄧㄚˇ,高-886,882
嫁,嫁,"jià ",V,ㄐㄧㄚˋ,高-887,883
駕駛,駕駛,"jiàshĭ ",N,ㄐㄧㄚˋ　ㄕˇ,高-888,884
駕駛,駕駛,"jiàshĭ ",V,ㄐㄧㄚˋ　ㄕˇ,高-889,885
價值,價值,"jiàzhí ",Vst,ㄐㄧㄚˋ　ㄓˊ,高-890,886
尖,尖,"jiān ",Vs,ㄐㄧㄢ,高-891,887
尖銳,尖銳,"jiānruì ",Vs,ㄐㄧㄢ　ㄖㄨㄟˋ,高-892,888
肩,肩,"jiān ",N,ㄐㄧㄢ,高-893,889
兼,兼,"jiān ",V,ㄐㄧㄢ,高-894,890
間,間,"jiān ",N,ㄐㄧㄢ,高-895,891
堅定,堅定,"jiāndìng ",Vs,ㄐㄧㄢ　ㄉㄧㄥˋ,高-896,892
堅決,堅決,"jiānjué ",Vs,ㄐㄧㄢ　ㄐㄩㄝˊ,高-897,893
監視,監視,"jiānshì ",V,ㄐㄧㄢ　ㄕˋ,高-898,894
監獄,監獄,"jiānyù ",N,ㄐㄧㄢ　ㄩˋ,高-899,895
揀,揀,"jiăn ",V,ㄐㄧㄢˇ,高-900,896
撿,撿,"jiăn ",V,ㄐㄧㄢˇ,高-901,897
剪刀,剪刀,"jiăndāo ",N,ㄐㄧㄢˇ　ㄉㄠ,高-902,898
檢驗,檢驗,"jiănyàn ",V,ㄐㄧㄢˇ　ㄧㄢˋ,高-903,899
建,建,"jiàn ",V,ㄐㄧㄢˋ,高-904,900
建國,建國,"jiànguó ",Vi,ㄐㄧㄢˋ　ㄍㄨㄛˊ,高-905,901
建築,建築,"jiànzhú ",N,ㄐㄧㄢˋ　ㄓㄨˊ,高-906,902
建築,建築,"jiànzhú ",V,ㄐㄧㄢˋ　ㄓㄨˊ,高-907,903
箭,箭,"jiàn ",N,ㄐㄧㄢˋ,高-908,904
漸漸,漸漸,"jiànjiàn ",Adv,ㄐㄧㄢˋ　ㄐㄧㄢˋ,高-909,905
間接,間接,"jiànjiē ",Vs-attr,ㄐㄧㄢˋ　ㄐㄧㄝ,高-910,906
鍵盤,鍵盤,"jiànpán ",N,ㄐㄧㄢˋ　ㄆㄢˊ,高-911,907
健全,健全,"jiànquán ",Vs,ㄐㄧㄢˋ　ㄑㄩㄢˊ,高-912,908
江,江,"jiāng ",N,ㄐㄧㄤ,高-913,909
將,將,"jiāng ",Adv,ㄐㄧㄤ,高-914,910
將要,將要,"jiāngyào ",Adv,ㄐㄧㄤ　ㄧㄠˋ,高-915,911
獎金,獎金,"jiăngjīn ",N,ㄐㄧㄤˇ　ㄐㄧㄣ,高-916,912
獎品,獎品,"jiăngpĭn ",N,ㄐㄧㄤˇ　ㄆㄧㄣˇ,高-917,913
降,降,"jiàng ",Vp,ㄐㄧㄤˋ,高-918,914
降價,降價,"jiàngjià ",Vp-sep,ㄐㄧㄤˋ　ㄐㄧㄚˋ,高-919,915
澆,澆,"jiāo ",V,ㄐㄧㄠ,高-920,916
交代(˙ㄉㄞ),交代(˙ㄉㄞ),"jiāodai ",V,ㄐㄧㄠ　˙ㄉㄞ,高-921,917
交換,交換,"jiāohuàn ",V,ㄐㄧㄠ　ㄏㄨㄢˋ,高-922,918
交際,交際,"jiāojì ",Vi,ㄐㄧㄠ　ㄐㄧˋ,高-923,919
交往,交往,"jiāowăng ",Vi,ㄐㄧㄠ　ㄨㄤˇ,高-924,920
交易,交易,"jiāoyì ",N,ㄐㄧㄠ　ㄧˋ,高-925,921
交易,交易,"jiāoyì ",Vi,ㄐㄧㄠ　ㄧˋ,高-926,922
郊外,郊外,"jiāowài ",N,ㄐㄧㄠ　ㄨㄞˋ,高-927,923
角,角,"jiăo ",N,ㄐㄧㄠˇ,高-928,924
角落,角落,"jiăoluò ",N,ㄐㄧㄠˇ　ㄌㄨㄛˋ　（又音）ㄐㄩㄝˊ　ㄌㄨㄛˋ,高-929,925
繳,繳,"jiăo ",V,ㄐㄧㄠˇ,高-930,926
腳步,腳步,"jiăobù ",N,ㄐㄧㄠˇ　ㄅㄨˋ,高-931,927
較,較,"jiào ",Prep,ㄐㄧㄠˋ,高-932,928
叫喊,叫喊,"jiàohăn ",V,ㄐㄧㄠˋ　ㄏㄢˇ,高-933,929
教會,教會,"jiàohuì ",N,ㄐㄧㄠˋ　ㄏㄨㄟˋ,高-934,930
教授,教授,"jiàoshòu ",V,ㄐㄧㄠˋ　ㄕㄡˋ,高-935,931
教學,教學,"jiàoxué ",Vi,ㄐㄧㄠˋ　ㄒㄩㄝˊ,高-936,932
教訓(˙ㄒㄩㄣ),教訓(˙ㄒㄩㄣ),"jiàoxun ",V,ㄐㄧㄠˋ　˙ㄒㄩㄣ,高-937,933
接,接,"jiē ",Vst,ㄐㄧㄝ,高-938,934
接待,接待,"jiēdài ",V,ㄐㄧㄝ　ㄉㄞˋ,高-939,935
接到,接到,"jiēdào ",Vpt,ㄐㄧㄝㄉㄠˋ,高-940,936
接見,接見,"jiējiàn ",V,ㄐㄧㄝ　ㄐㄧㄢˋ,高-941,937
接近,接近,"jiējìn ",V,ㄐㄧㄝ　ㄐㄧㄣˋ,高-942,938
接近,接近,"jiējìn ",Vs,ㄐㄧㄝ　ㄐㄧㄣˋ,高-943,939
街道,街道,"jiēdào ",N,ㄐㄧㄝ　ㄉㄠˋ,高-944,940
街頭,街頭,"jiētóu ",N,ㄐㄧㄝ　ㄊㄡˊ,高-945,941
階段,階段,"jiēduàn ",N,ㄐㄧㄝ　ㄉㄨㄢˋ,高-946,942
節,節,"jié ",M,ㄐㄧㄝˊ,高-947,943
節省,節省,"jiéshěng ",Vst,ㄐㄧㄝˊ　ㄕㄥˇ,高-948,944
節約,節約,"jiéyuē ",Vst,ㄐㄧㄝˊ　ㄩㄝ,高-949,945
結,結,"jié ",N,ㄐㄧㄝˊ,高-950,946
結構,結構,"jiégòu ",N,ㄐㄧㄝˊ　ㄍㄡˋ,高-951,947
結果,結果,"jiéguŏ ",N,ㄐㄧㄝˊ　ㄍㄨㄛˇ,高-952,948
結果,結果,"jiéguŏ ",Vp-sep,ㄐㄧㄝˊ　ㄍㄨㄛˇ,高-953,949
結合,結合,"jiéhé ",Vpt,ㄐㄧㄝˊ　ㄏㄜˊ,高-954,950
結論,結論,"jiélùn ",N,ㄐㄧㄝˊ　ㄌㄨㄣˋ,高-955,951
結算,結算,"jiésuàn ",Vi,ㄐㄧㄝˊ　ㄙㄨㄢˋ,高-956,952
結帳,結帳,"jiézhàng ",Vi,ㄐㄧㄝˊ　ㄓㄤˋ,高-957,953
截止,截止,"jiézhĭ ",Vp,ㄐㄧㄝˊ　ㄓˇ,高-958,954
解,解,"jiě ",V,ㄐㄧㄝˇ,高-959,955
解除,解除,"jiěchú ",V,ㄐㄧㄝˇ　ㄔㄨˊ,高-960,956
解答,解答,"jiědá ",V,ㄐㄧㄝˇ　ㄉㄚˊ,高-961,957
屆,屆,"jiè ",M,ㄐㄧㄝˋ,高-962,958
界線,界線,"jièxiàn ",N,ㄐㄧㄝˋ　ㄒㄧㄢˋ,高-963,959
戒指,戒指,"jièzhĭ ",N,ㄐㄧㄝˋ　ㄓˇ,高-964,960
今後,今後,"jīnhòu  ",N,ㄐㄧㄣ　ㄏㄡˋ,高-965,961
金額,金額,"jīné ",N,ㄐㄧㄣ　ㄜˊ,高-966,962
金融,金融,"jīnróng ",N,ㄐㄧㄣ　ㄖㄨㄥˊ,高-967,963
金屬,金屬,"jīnshŭ ",N,ㄐㄧㄣ　ㄕㄨˇ,高-968,964
儘管,儘管,"jĭnguăn ",Adv,ㄐㄧㄣˇ　ㄍㄨㄢˇ,高-969,965
儘量,儘量,"jĭnliàng  ",Adv,ㄐㄧㄣˇ　ㄌㄧㄤˋ,高-970,966
緊急,緊急,"jĭnjí ",Vs,ㄐㄧㄣˇ　ㄐㄧˊ,高-971,967
僅僅,僅僅,jĭnjĭn,Adv,ㄐㄧㄣˇ　ㄐㄧㄣˇ,高-972,968
近,近,jìn,Vst,ㄐㄧㄣˋ,高-973,969
近來,近來,"jìnlái  ",Adv,ㄐㄧㄣˋ　ㄌㄞˊ,高-974,970
近視,近視,"jìnshì  ",Vs,ㄐㄧㄣˋ　ㄕˋ,高-975,971
盡力,盡力,"jìnlì ",Vs,ㄐㄧㄣˋ　ㄌㄧˋ,高-976,972
進入,進入,"jìnrù  ",V,ㄐㄧㄣˋ　ㄖㄨˋ,高-977,973
進口,進口,"jìnkŏu  ",V,ㄐㄧㄣˋ　ㄎㄡˇ,高-978,974
禁止,禁止,"jìnzhĭ  ",V,ㄐㄧㄣˋ　ㄓˇ,高-979,975
浸,浸,"jìn ",V,ㄐㄧㄣˋ,高-980,976
精彩,精彩,"jīngcăi  ",Vs,ㄐㄧㄥ　ㄘㄞˇ,高-981,977
精力,精力,"jīnglì ",N,ㄐㄧㄥ　ㄌㄧˋ,高-982,978
精細,精細,"jīngxì ",Vs,ㄐㄧㄥ　ㄒㄧˋ,高-983,979
經濟,經濟,"jīngjì  ",N,ㄐㄧㄥ　ㄐㄧˋ,高-984,980
經歷,經歷,"jīnglì ",N,ㄐㄧㄥ　ㄌㄧˋ,高-985,981
經歷,經歷,"jīnglì  ",Vst,ㄐㄧㄥ　ㄌㄧˋ,高-986,982
經營,經營,"jīngyíng ",V,ㄐㄧㄥ　ㄧㄥˊ,高-987,983
京劇,京劇,"jīngjù ",N,ㄐㄧㄥ　ㄐㄩˋ,高-988,984
驚人,驚人,"jīngrén  ",Vs,ㄐㄧㄥ　ㄖㄣˊ,高-989,985
警告,警告,"jǐnggào  ",N,ㄐㄧㄥˇ　ㄍㄠˋ,高-990,986
警告,警告,"jǐnggào  ",V,ㄐㄧㄥˇ　ㄍㄠˋ,高-991,987
景色,景色,"jĭngsè ",N,ㄐㄧㄥˇ　ㄙㄜˋ,高-992,988
靜,靜,"jìng ",Vs,ㄐㄧㄥˋ,高-993,989
鏡(子),鏡,jìng(zi),N,ㄐㄧㄥˋ,高-994,990
敬愛,敬愛,"jìngài ",Vst,ㄐㄧㄥˋ　ㄞˋ,高-995,991
敬酒,敬酒,"jìngjiŭ ",V-sep,ㄐㄧㄥˋ　ㄐㄧㄡˇ,高-996,992
敬禮,敬禮,jìnglĭ,V-sep,ㄐㄧㄥˋ　ㄌㄧˇ,高-997,993
淨化,淨化,"jìnghuà ",Vpt,ㄐㄧㄥˋ　ㄏㄨㄚˋ,高-998,994
竟然,竟然,"jìngrán ",Adv,ㄐㄧㄥˋ　ㄖㄢˊ,高-999,995
競爭,競爭,"jìngzhēng ",Vi,ㄐㄧㄥˋ　ㄓㄥ,高-1000,996
糾正,糾正,"jiūzhèng ",V,ㄐㄧㄡ　ㄓㄥˋ,高-1001,997
酒會,酒會,"jiŭhuì ",N,ㄐㄧㄡˇ　ㄏㄨㄟˋ,高-1002,998
就,就,"jiù ",Adv,ㄐㄧㄡˋ,高-1003,999
就是,就是,"jiùshì ",Adv,ㄐㄧㄡˋ　ㄕˋ,高-1004,1000
就是說,就是說,"jiùshìshuō ",Conj,ㄐㄧㄡˋㄕˋㄕㄨㄛ,高-1005,1001
就業,就業,"jiùyè ",Vi,ㄐㄧㄡˋ　ㄧㄝˋ,高-1006,1002
救火,救火,"jiùhuŏ ",Vi,ㄐㄧㄡˋ　ㄏㄨㄛˇ,高-1007,1003
究竟,究竟,"jiùjìng ",Adv,ㄐㄧㄡˋ　ㄐㄧㄥˋ,高-1008,1004
居民,居民,"jūmín ",N,ㄐㄩ　ㄇㄧㄣˊ,高-1009,1005
居然,居然,"jūrán ",Adv,ㄐㄩ　ㄖㄢˊ,高-1010,1006
局,局,"jú ",M,ㄐㄩˊ,高-1011,1007
鞠躬,鞠躬,"júgōng ",Vi,ㄐㄩˊ　ㄍㄨㄥ,高-1012,1008
巨大,巨大,"jùdà ",Vs,ㄐㄩˋ　ㄉㄚˋ,高-1013,1009
具,具,"jù ",M,ㄐㄩˋ,高-1014,1010
具,具,"jù ",Vst,ㄐㄩˋ,高-1015,1011
具備,具備,"jùbèi ",Vst,ㄐㄩˋ　ㄅㄟˋ,高-1016,1012
具體,具體,jùtĭ,Vs,ㄐㄩˋ　ㄊㄧˇ,高-1017,1013
俱樂部,俱樂部,"jùlèbù ",N,ㄐㄩˋ　ㄌㄜˋ　ㄅㄨˋ,高-1018,1014
聚集,聚集,"jùjí ",Vi,ㄐㄩˋ　ㄐㄧˊ,高-1019,1015
距離,距離,"jùlí ",Prep,ㄐㄩˋ　ㄌㄧˊ,高-1020,1016
劇場,劇場,"jùchăng ",N,ㄐㄩˋ　ㄔㄤˇ,高-1021,1017
劇烈,劇烈,"jùliè ",Vs,ㄐㄩˋ　ㄌㄧㄝˋ,高-1022,1018
劇院,劇院,"jùyuàn ",N,ㄐㄩˋ　ㄩㄢˋ,高-1023,1019
據說,據說,"jùshuō ",Conj,ㄐㄩˋ　ㄕㄨㄛ,高-1024,1020
捐,捐,"juān ",V,ㄐㄩㄢ,高-1025,1021
捐款,捐款,"juānkuăn ",N,ㄐㄩㄢ　ㄎㄨㄢˇ,高-1026,1022
捐款,捐款,"juānkuăn ",V-sep,ㄐㄩㄢ　ㄎㄨㄢˇ,高-1027,1023
卷,卷,"juăn ",M,ㄐㄩㄢˇ,高-1028,1024
捲,捲,"juăn ",V,ㄐㄩㄢˇ,高-1029,1025
決/絕,決,jué,Adv,ㄐㄩㄝˊ,高-1030,1026
決心,決心,"juéxīn ",N,ㄐㄩㄝˊ　ㄒㄧㄣ,高-1031,1027
決心,決心,"juéxīn ",Vp,ㄐㄩㄝˊ　ㄒㄧㄣ,高-1032,1028
絕不,絕不,"juébù ",Adv,ㄐㄩㄝˊ　ㄅㄨˋ,高-1033,1029
絕大部分,絕大部分,"juédàbùfèn ",Det,ㄐㄩㄝˊㄉㄚˋㄅㄨˋㄈㄣˋ,高-1034,1030
絕對,絕對,"juéduì ",Vs-attr,ㄐㄩㄝˊ　ㄉㄨㄟˋ,高-1035,1031
覺悟,覺悟,"juéwù ",Vp,ㄐㄩㄝˊ　ㄨˋ,高-1036,1032
軍,軍,"jūn ",N,ㄐㄩㄣ,高-1037,1033
軍事,軍事,"jūnshì ",N,ㄐㄩㄣ　ㄕˋ,高-1038,1034
卡,卡,"kă ",M,ㄎㄚˇ,高-1039,1035
卡,卡,"kă ",Vi,ㄎㄚˇ,高-1040,1036
卡通,卡通,"kătōng ",N,ㄎㄚˇ　ㄊㄨㄥ,高-1041,1037
開,開,"kāi ",Vp,ㄎㄞ,高-1042,1038
開除,開除,"kāichú ",V,ㄎㄞ　ㄔㄨˊ,高-1043,1039
開刀,開刀,"kāidāo ",V-sep,ㄎㄞ　ㄉㄠ,高-1044,1040
開發,開發,"kāifā ",V,ㄎㄞ　ㄈㄚ,高-1045,1041
開戶,開戶,"kāihù ",V-sep,ㄎㄞ　ㄏㄨˋ,高-1046,1042
開課,開課,"kāikè ",V-sep,ㄎㄞ　ㄎㄜˋ,高-1047,1043
開明,開明,"kāimíng ",Vs,ㄎㄞ　ㄇㄧㄥˊ,高-1048,1044
開設,開設,"kāishè ",V,ㄎㄞ　ㄕㄜˋ,高-1049,1045
開拓,開拓,"kāituò ",V,ㄎㄞ　ㄊㄨㄛˋ,高-1050,1046
開演,開演,"kāiyăn ",Vp,ㄎㄞ　ㄧㄢˇ,高-1051,1047
看家,看家,"kānjiā ",Vi,ㄎㄢ　ㄐㄧㄚ,高-1052,1048
砍,砍,"kăn ",V,ㄎㄢˇ,高-1053,1049
看,看,"kàn ",Vst,ㄎㄢˋ,高-1054,1050
看得起,看得起,kàndeqĭ,Vst,ㄎㄢˋ　˙ㄉㄜ　ㄑㄧˇ,高-1055,1051
看看(˙ㄎㄢ),看看(˙ㄎㄢ),kànkan,,ㄎㄢˋ　˙ㄎㄢ,高-1056,1052
看來,看來,"kànlái ",Adv,ㄎㄢˋ　ㄌㄞˊ,高-1057,1053
看樣子,看樣子,"kànyàngzi ",Adv,ㄎㄢˋ　ㄧㄤˋ　˙ㄗ,高-1058,1054
抗議,抗議,"kàngyì ",V,ㄎㄤˋ　ㄧˋ,高-1059,1055
考察,考察,"kăochá ",V,ㄎㄠˇ　ㄔㄚˊ,高-1060,1056
考卷,考卷,"kăojuàn ",N,ㄎㄠˇ　ㄐㄩㄢˋ,高-1061,1057
考慮,考慮,kăolǜ,V,ㄎㄠˇ　ㄌㄩˋ,高-1062,1058
考取,考取,"kăoqŭ ",Vpt,ㄎㄠˇ　ㄑㄩˇ,高-1063,1059
靠,靠,kào,Prep,ㄎㄠˋ,高-1064,1060
靠近,靠近,"kàojìn ",V,ㄎㄠˋ　ㄐㄧㄣˋ,高-1065,1061
科目,科目,"kēmù ",N,ㄎㄜ　ㄇㄨˋ,高-1066,1062
顆,顆,"kē ",M,ㄎㄜ,高-1067,1063
可是,可是,"kěshì ",Adv,ㄎㄜˇ　ㄕˋ,高-1068,1064
可喜,可喜,kěxĭ,Vs,ㄎㄜˇ　ㄒㄧˇ,高-1069,1065
可笑,可笑,"kěxiào ",Vs,ㄎㄜˇ　ㄒㄧㄠˋ,高-1070,1066
客房,客房,"kèfáng ",N,ㄎㄜˋ　ㄈㄤˊ,高-1071,1067
客觀,客觀,"kèguān ",Vs,ㄎㄜˋ　ㄍㄨㄢ,高-1072,1068
客戶,客戶,"kèhù ",N,ㄎㄜˋ　ㄏㄨˋ,高-1073,1069
課外,課外,"kèwài ",Vs-attr,ㄎㄜˋ　ㄨㄞˋ,高-1074,1070
空,空,"kōng ",Adv,ㄎㄨㄥ,高-1075,1071
空前,空前,"kōngqián ",Vs-attr,ㄎㄨㄥ　ㄑㄧㄢˊ,高-1076,1072
空中,空中,"kōngzhōng ",N,ㄎㄨㄥ　ㄓㄨㄥ,高-1077,1073
恐怖,恐怖,kŏngbù,Vs,ㄎㄨㄥˇ　ㄅㄨˋ,高-1078,1074
空/空兒,空/空兒,kòng/kòngr,N,"ㄎㄨㄥˋ/ㄎㄨㄥˋ  ㄦ",高-1079,1075
控制,控制,"kòngzhì  ",V,ㄎㄨㄥˋ　ㄓˋ,高-1080,1076
口,口,kŏu,M,ㄎㄡˇ,高-1081,1077
口才,口才,kŏucái,N,ㄎㄡˇ　ㄘㄞˊ,高-1082,1078
口號,口號,kŏuhào,N,ㄎㄡˇ　ㄏㄠˋ,高-1083,1079
口紅,口紅,kŏuhóng,N,ㄎㄡˇ　ㄏㄨㄥˊ,高-1084,1080
口氣,口氣,"kŏuqì  ",N,ㄎㄡˇ　ㄑㄧˋ,高-1085,1081
口試,口試,"kŏushì  ",N,ㄎㄡˇ　ㄕˋ,高-1086,1082
口試,口試,"kŏushì  ",Vi,ㄎㄡˇ　ㄕˋ,高-1087,1083
口水,口水,"kŏushuĭ ",N,ㄎㄡˇ　ㄕㄨㄟˇ,高-1088,1084
口音,口音,"kŏuyīn  ",N,ㄎㄡˇ　ㄧㄣ,高-1089,1085
口語,口語,"kŏuyŭ  ",N,ㄎㄡˇ　ㄩˇ,高-1090,1086
扣,扣,"kòu ",V,ㄎㄡˋ,高-1091,1087
誇獎,誇獎,"kuājiăng ",V,ㄎㄨㄚ　ㄐㄧㄤˇ,高-1092,1088
跨,跨,kuà,V,ㄎㄨㄚˋ,高-1093,1089
會計,會計,"kuàijì ",N,ㄎㄨㄞˋ　ㄐㄧˋ,高-1094,1090
寬度,寬度,"kuāndù ",N,ㄎㄨㄢ　ㄉㄨˋ,高-1095,1091
喇叭(˙ㄅㄚ),喇叭(˙ㄅㄚ),"lăba ",N,ㄌㄚˇ　˙ㄅㄚ,高-1096,1092
蠟燭,蠟燭,"làzhú  ",N,ㄌㄚˋ　ㄓㄨˊ,高-1097,1093
辣椒,辣椒,"làjiāo ",N,ㄌㄚˋ　ㄐㄧㄠ,高-1098,1094
來,來,"lái ",N,ㄌㄞˊ,高-1099,1095
來回,來回,"láihuí  ",V,ㄌㄞˊ　ㄏㄨㄟˊ,高-1100,1096
來臨,來臨,"láilín  ",Vp,ㄌㄞˊ　ㄌㄧㄣˊ,高-1101,1097
來往,來往,"láiwăng  ",Vi,ㄌㄞˊ　ㄨㄤˇ,高-1102,1098
來信,來信,"láixìn  ",N,ㄌㄞˊ　ㄒㄧㄣˋ,高-1103,1099
來源,來源,"láiyuán  ",N,ㄌㄞˊ　ㄩㄢˊ,高-1104,1100
來自,來自,"láizì  ",Vpt,ㄌㄞˊㄗˋ,高-1105,1101
籃子,籃子,"lánzi ",N,ㄌㄢˊ　˙ㄗ,高-1106,1102
懶,懶,"lăn ",Vs,ㄌㄢˇ,高-1107,1103
懶得,懶得,"lănde ",Vaux,ㄌㄢˇㄉㄜ˙,高-1108,1104
爛,爛,"làn ",Vs,ㄌㄢˋ,高-1109,1105
濫用,濫用,"lànyòng ",V,ㄌㄢˋ　ㄩㄥˋ,高-1110,1106
狼,狼,"láng ",N,ㄌㄤˊ,高-1111,1107
浪,浪,"làng ",N,ㄌㄤˋ,高-1112,1108
浪費,浪費,"làngfèi ",Vs,ㄌㄤˋ　ㄈㄟˋ,高-1113,1109
撈,撈,"lāo ",V,ㄌㄠ,高-1114,1110
牢,牢,"láo ",Vs,ㄌㄠˊ,高-1115,1111
牢騷,牢騷,"láosāo ",N,ㄌㄠˊ　ㄙㄠ,高-1116,1112
勞動,勞動,"láodòng ",V,ㄌㄠˊ　ㄉㄨㄥˋ,高-1117,1113
勞工,勞工,"láogōng ",N,ㄌㄠˊ　ㄍㄨㄥ,高-1118,1114
勞力,勞力,"láolì ",N,ㄌㄠˊ　ㄌㄧˋ,高-1119,1115
嘮叨(˙ㄉㄠ),嘮叨(˙ㄉㄠ),"láodao ",Vi,ㄌㄠˊ　˙ㄉㄠ,高-1120,1116
老,老,"lăo ",Adv,ㄌㄠˇ,高-1121,1117
老百姓,老百姓,"lăobăixìng ",N,ㄌㄠˇ　ㄅㄞˇ　ㄒㄧㄥˋ,高-1122,1118
老闆娘/老板娘,老闆娘,lăobănniáng,N,ㄌㄠˇ　ㄅㄢˇ　ㄋㄧㄤˊ,高-1123,1119
老大,老大,"lăodà ",N,ㄌㄠˇ　ㄉㄚˋ,高-1124,1120
老家,老家,"lăojiā ",N,ㄌㄠˇ　ㄐㄧㄚ,高-1125,1121
老實說,老實說,"lăoshíshuō ",,ㄌㄠˇㄕˊㄕㄨㄛ,高-1126,1122
老太太(˙ㄊㄞ),老太太(˙ㄊㄞ),"lăotàitai ",N,ㄌㄠˇ　ㄊㄞˋ　˙ㄊㄞ,高-1127,1123
樂意,樂意,"lèyì ",Vs,ㄌㄜˋ　ㄧˋ,高-1128,1124
類似,類似,"lèisì ",Vs,ㄌㄟˋ　ㄙˋ,高-1129,1125
冷靜,冷靜,"lěngjìng ",Vs,ㄌㄥˇ　ㄐㄧㄥˋ,高-1130,1126
冷飲,冷飲,"lěngyĭn ",N,ㄌㄥˇ　ㄧㄣˇ,高-1131,1127
梨(子),梨,lí(zi),N,ㄌㄧˊ,高-1132,1128
理,理,lĭ,V,ㄌㄧˇ,高-1133,1129
理,理,lĭ,Vst,ㄌㄧˇ,高-1134,1130
理由,理由,lĭyóu,N,ㄌㄧˇ　ㄧㄡˊ,高-1135,1131
裡/裏頭,裡頭,lĭtou,N,ㄌㄧˇ　˙ㄊㄡ,高-1136,1132
禮,禮,lĭ,N,ㄌㄧˇ,高-1137,1133
禮品,禮品,lĭpĭn,N,ㄌㄧˇ　ㄆㄧㄣˇ,高-1138,1134
力氣(˙ㄑㄧ),力氣(˙ㄑㄧ),"lìqi ",N,ㄌㄧˋ　˙ㄑㄧ,高-1139,1135
立,立,"lì ",V,ㄌㄧˋ,高-1140,1136
立場,立場,"lìchăng ",N,ㄌㄧˋ　ㄔㄤˇ,高-1141,1137
立即,立即,"lìjí ",Adv,ㄌㄧˋ　ㄐㄧˊ,高-1142,1138
利,利,"lì ",Vs,ㄌㄧˋ,高-1143,1139
利潤,利潤,"lìrùn ",N,ㄌㄧˋ　ㄖㄨㄣˋ,高-1144,1140
利息,利息,"lìxí ",N,ㄌㄧˋ　ㄒㄧˊ,高-1145,1141
例外,例外,"lìwài ",Vs,ㄌㄧˋ　ㄨㄞˋ,高-1146,1142
粒,粒,"lì ",M,ㄌㄧˋ,高-1147,1143
聯合,聯合,"liánhé ",V,ㄌㄧㄢˊ　ㄏㄜˊ,高-1148,1144
聯合國,聯合國,"liánhéguó ",N,ㄌㄧㄢˊ　ㄏㄜˊ　ㄍㄨㄛˊ,高-1149,1145
連,連,"lián ",Adv,ㄌㄧㄢˊ,高-1150,1146
連接,連接,"liánjiē ",Vst,ㄌㄧㄢˊ　ㄐㄧㄝ,高-1151,1147
連忙,連忙,"liánmáng ",Adv,ㄌㄧㄢˊ　ㄇㄤˊ,高-1152,1148
連續,連續,"liánxù ",Vs-attr,ㄌㄧㄢˊ　ㄒㄩˋ,高-1153,1149
臉色,臉色,"liănsè ",N,ㄌㄧㄢˇ　ㄙㄜˋ,高-1154,1150
量,量,"liáng ",V,ㄌㄧㄤˊ,高-1155,1151
糧食,糧食,"liángshí ",N,ㄌㄧㄤˊ　ㄕˊ,高-1156,1152
倆,倆,"liăng ",N,ㄌㄧㄤˇ,高-1157,1153
亮,亮,"liàng ",V,ㄌㄧㄤˋ,高-1158,1154
諒解,諒解,"liàngjiě ",Vst,ㄌㄧㄤˋ　ㄐㄧㄝˇ,高-1159,1155
了,了,"liăo ",Vst,ㄌㄧㄠˇ,高-1160,1156
列,列,"liè ",M,ㄌㄧㄝˋ,高-1161,1157
裂,裂,"liè ",Vp,ㄌㄧㄝˋ,高-1162,1158
淋,淋,"lín ",V,ㄌㄧㄣˊ,高-1163,1159
臨,臨,"lín ",Vst,ㄌㄧㄣˊ,高-1164,1160
臨時,臨時,"línshí ",N,ㄌㄧㄣˊ　ㄕˊ,高-1165,1161
凌晨,凌晨,"língchén ",N,ㄌㄧㄥˊ　ㄔㄣˊ,高-1166,1162
靈活,靈活,"línghuó ",Vs,ㄌㄧㄥˊ　ㄏㄨㄛˊ,高-1167,1163
零件,零件,"língjiàn ",N,ㄌㄧㄥˊ　ㄐㄧㄢˋ,高-1168,1164
零售,零售,"língshòu ",V,ㄌㄧㄥˊ　ㄕㄡˋ,高-1169,1165
零下,零下,"língxià ",Vs-attr,ㄌㄧㄥˊ　ㄒㄧㄚˋ,高-1170,1166
領帶,領帶,lĭngdài,N,ㄌㄧㄥˇ　ㄉㄞˋ,高-1171,1167
領導,領導,"lĭngdăo ",N,ㄌㄧㄥˇ　ㄉㄠˇ,高-1172,1168
領土,領土,"lĭngtŭ ",N,ㄌㄧㄥˇ　ㄊㄨˇ,高-1173,1169
領先,領先,"lĭngxiān ",Vpt,ㄌㄧㄥˇ　ㄒㄧㄢ,高-1174,1170
領袖,領袖,"lĭngxiù ",N,ㄌㄧㄥˇ　ㄒㄧㄡˋ,高-1175,1171
另,另,"lìng ",Det,ㄌㄧㄥˋ,高-1176,1172
另外,另外,"lìngwài ",Conj,ㄌㄧㄥˋ　ㄨㄞˋ,高-1177,1173
另外,另外,"lìngwài ",Det,ㄌㄧㄥˋ　ㄨㄞˋ,高-1178,1174
溜,溜,"liū ",Vi,ㄌㄧㄡ,高-1179,1175
流動,流動,"liúdòng ",Vi,ㄌㄧㄡˊ　ㄉㄨㄥˋ,高-1180,1176
流利,流利,"liúlì ",Vs,ㄌㄧㄡˊ　ㄌㄧˋ,高-1181,1177
留念,留念,"liúniàn ",Vs,ㄌㄧㄡˊ　ㄋㄧㄢˋ,高-1182,1178
嘍,嘍,"lóu ",Ptc,ㄌㄡˊ,高-1183,1179
摟,摟,"lǒu ",V,ㄌㄡˇ,高-1184,1180
露,露,"lù ",V,ㄌㄨˋ,高-1185,1181
路燈,路燈,"lùdēng  ",N,ㄌㄨˋ　ㄉㄥ,高-1186,1182
路線,路線,"lùxiàn  ",N,ㄌㄨˋ　ㄒㄧㄢˋ,高-1187,1183
陸軍,陸軍,"lùjūn  ",N,ㄌㄨˋ　ㄐㄩㄣ,高-1188,1184
陸續,陸續,"lùxù  ",Adv,ㄌㄨˋ　ㄒㄩˋ,高-1189,1185
錄用,錄用,"lùyòng  ",V,ㄌㄨˋ　ㄩㄥˋ,高-1190,1186
輪船,輪船,"lúnchuán ",N,ㄌㄨㄣˊ　ㄔㄨㄢˊ,高-1191,1187
輪流,輪流,"lúnliú ",Adv,ㄌㄨㄣˊ　ㄌㄧㄡˊ,高-1192,1188
輪子,輪子,"lúnzi ",N,ㄌㄨㄣˊ　˙ㄗ,高-1193,1189
論,論,"lùn ",V,ㄌㄨㄣˋ,高-1194,1190
論文,論文,"lùnwén ",N,ㄌㄨㄣˋ　ㄨㄣˊ,高-1195,1191
落,落,"luò ",Vi,ㄌㄨㄛˋ,高-1196,1192
落後,落後,"luòhòu  ",Vpt,ㄌㄨㄛˋ　ㄏㄡˋ,高-1197,1193
落實,落實,"luòshí  ",V,ㄌㄨㄛˋ　ㄕˊ,高-1198,1194
落伍,落伍,"luòwŭ  ",Vs,ㄌㄨㄛˋ　ㄨˇ,高-1199,1195
旅行社,旅行社,"lǚxíngshè ",N,ㄌㄩˇ　ㄒㄧㄥˊ　ㄕㄜˋ,高-1200,1196
綠豆,綠豆,"lǜdòu ",N,ㄌㄩˋ　ㄉㄡˋ,高-1201,1197
略,略,"lüè ",Vs,ㄌㄩㄝˋ,高-1202,1198
麻,麻,"má ",Vs,ㄇㄚˊ,高-1203,1199
麻雀,麻雀,"máquè ",N,ㄇㄚˊ　ㄑㄩㄝˋ,高-1204,1200
馬虎(˙ㄏㄨ),馬虎(˙ㄏㄨ),măhu,Vs,ㄇㄚˇ　˙ㄏㄨ,高-1205,1201
埋,埋,"mái ",V,ㄇㄞˊ,高-1206,1202
買單,買單,"măidān ",V-sep,ㄇㄞˇ　ㄉㄢ,高-1207,1203
買賣,買賣,"măimài ",V,ㄇㄞˇ　ㄇㄞˋ,高-1208,1204
饅頭,饅頭,"mántou ",N,ㄇㄢˊ　˙ㄊㄡ,高-1209,1205
滿/蠻,滿/蠻,măn/mán,Adv,ㄇㄢˇ/ㄇㄢˊ,高-1210,1206
漫畫,漫畫,"mànhuà ",N,ㄇㄢˋ　ㄏㄨㄚˋ,高-1211,1207
忙碌,忙碌,"mánglù ",Vs,ㄇㄤˊ　ㄌㄨˋ,高-1212,1208
盲目,盲目,"mángmù ",Vs,ㄇㄤˊ　ㄇㄨˋ,高-1213,1209
矛盾,矛盾,"máodùn ",Vs,ㄇㄠˊ　ㄉㄨㄣˋ,高-1214,1210
毛巾,毛巾,"máojīn ",N,ㄇㄠˊ　ㄐㄧㄣ,高-1215,1211
冒,冒,"mào ",V,ㄇㄠˋ,高-1216,1212
煤,煤,"méi ",N,ㄇㄟˊ,高-1217,1213
梅花,梅花,"méihuā ",N,ㄇㄟˊ　ㄏㄨㄚ,高-1218,1214
美觀,美觀,"měiguān ",Vs,ㄇㄟˇ　ㄍㄨㄢ,高-1219,1215
美妙,美妙,"měimiào ",Vs,ㄇㄟˇ　ㄇㄧㄠˋ,高-1220,1216
魅力,魅力,"mèilì ",N,ㄇㄟˋ　ㄌㄧˋ,高-1221,1217
門,門,mén,M,ㄇㄣˊ,高-1222,1218
門票,門票,"ménpiào ",N,ㄇㄣˊ　ㄆㄧㄠˋ,高-1223,1219
門診,門診,"ménzhěn ",Vi,ㄇㄣˊ　ㄓㄣˇ,高-1224,1220
猛,猛,"měng ",Vs,ㄇㄥˇ,高-1225,1221
夢到,夢到,"mèngdào ",Vpt,ㄇㄥˋㄉㄠˋ,高-1226,1222
夢想,夢想,"mèngxiăng ",N,ㄇㄥˋ　ㄒㄧㄤˇ,高-1227,1223
夢想,夢想,"mèngxiăng ",V,ㄇㄥˋ　ㄒㄧㄤˇ,高-1228,1224
迷,迷,"mí ",Vst,ㄇㄧˊ,高-1229,1225
迷糊(˙ㄏㄨ),迷糊(˙ㄏㄨ),"míhu ",Vs,ㄇㄧˊ　˙ㄏㄨ,高-1230,1226
迷失,迷失,"míshī ",Vp,ㄇㄧˊ　ㄕ,高-1231,1227
迷信,迷信,"míxìn ",N,ㄇㄧˊ　ㄒㄧㄣˋ,高-1232,1228
迷信,迷信,"míxìn ",Vs,ㄇㄧˊ　ㄒㄧㄣˋ,高-1233,1229
密,密,"mì ",Vs,ㄇㄧˋ,高-1234,1230
蜜蜂,蜜蜂,"mìfēng ",N,ㄇㄧˋ　ㄈㄥ,高-1235,1231
秘/祕書,秘書,"mìshū ",N,ㄇㄧˋ　ㄕㄨ,高-1236,1232
棉,棉,"mián ",N,ㄇㄧㄢˊ,高-1237,1233
棉被,棉被,"miánbèi ",N,ㄇㄧㄢˊ　ㄅㄟˋ,高-1238,1234
棉花(˙ㄏㄨㄚ),棉花(˙ㄏㄨㄚ),miánhua,N,ㄇㄧㄢˊ　˙ㄏㄨㄚ,高-1239,1235
免得,免得,"miănde ",Vaux,ㄇㄧㄢˇ　˙ㄉㄜ,高-1240,1236
勉強,勉強,miǎnqiǎng,Vs,ㄇㄧㄢˇ　ㄑㄧㄤˇ,高-1241,1237
面,面,miàn,M,ㄇㄧㄢˋ,高-1242,1238
面對,面對,"miànduì ",V,ㄇㄧㄢˋ　ㄉㄨㄟˋ,高-1243,1239
面臨,面臨,"miànlín ",Vst,ㄇㄧㄢˋ　ㄌㄧㄣˊ,高-1244,1240
面貌,面貌,"miànmào ",N,ㄇㄧㄢˋ　ㄇㄠˋ,高-1245,1241
面子,面子,"miànzi ",N,ㄇㄧㄢˋ　˙ㄗ,高-1246,1242
麵粉,麵粉,"miànfěn ",N,ㄇㄧㄢˋ　ㄈㄣˇ,高-1247,1243
妙,妙,"miào ",Vs,ㄇㄧㄠˋ,高-1248,1244
滅亡,滅亡,"mièwáng ",Vp,ㄇㄧㄝˋ　ㄨㄤˊ,高-1249,1245
民間,民間,"mínjiān ",N,ㄇㄧㄣˊ　ㄐㄧㄢ,高-1250,1246
民謠,民謠,"mínyáo ",N,ㄇㄧㄣˊ　ㄧㄠˊ,高-1251,1247
民眾,民眾,"mínzhòng ",N,ㄇㄧㄣˊ　ㄓㄨㄥˋ,高-1252,1248
民主,民主,"mínzhŭ ",N,ㄇㄧㄣˊ　ㄓㄨˇ,高-1253,1249
民主,民主,"mínzhŭ ",Vs,ㄇㄧㄣˊ　ㄓㄨˇ,高-1254,1250
名,名,"míng ",Vst,ㄇㄧㄥˊ,高-1255,1251
名稱,名稱,"míngchēng ",N,ㄇㄧㄥˊ　ㄔㄥ,高-1256,1252
名單,名單,"míngdān ",N,ㄇㄧㄥˊ　ㄉㄢ,高-1257,1253
名牌,名牌,"míngpái ",N,ㄇㄧㄥˊ　ㄆㄞˊ,高-1258,1254
名片,名片,"míngpiàn ",N,ㄇㄧㄥˊ　ㄆㄧㄢˋ,高-1259,1255
明白,明白,"míngbái ",Vs,ㄇㄧㄥˊ　ㄅㄞˊ,高-1260,1256
明亮,明亮,"míngliàng ",Vs,ㄇㄧㄥˊ　ㄌㄧㄤˋ,高-1261,1257
明明,明明,"míngmíng ",Adv,ㄇㄧㄥˊ　ㄇㄧㄥˊ,高-1262,1258
明確,明確,"míngquè ",Vs,ㄇㄧㄥˊ　ㄑㄩㄝˋ,高-1263,1259
命,命,"mìng ",V,ㄇㄧㄥˋ,高-1264,1260
命令,命令,"mìnglìng ",N,ㄇㄧㄥˋ　ㄌㄧㄥˋ,高-1265,1261
命令,命令,"mìnglìng ",V,ㄇㄧㄥˋ　ㄌㄧㄥˋ,高-1266,1262
命運,命運,"mìngyùn ",N,ㄇㄧㄥˋ　ㄩㄣˋ,高-1267,1263
磨,磨,"mó ",V,ㄇㄛˊ,高-1268,1264
模仿,模仿,"mófăng ",V,ㄇㄛˊ　ㄈㄤˇ,高-1269,1265
模糊,模糊,"móhú ",Vs,ㄇㄛˊ　ㄏㄨˊ,高-1270,1266
模型,模型,"móxíng ",N,ㄇㄛˊ　ㄒㄧㄥˊ,高-1271,1267
模樣,模樣,"móyàng ",N,ㄇㄛˊ　ㄧㄤˋ,高-1272,1268
抹,抹,mŏ,V,ㄇㄛˇ,高-1273,1269
目標,目標,"mùbiāo ",N,ㄇㄨˋ　ㄅㄧㄠ,高-1274,1270
目的地,目的地,"mùdìdì ",N,ㄇㄨˋ　ㄉㄧˋ　ㄉㄧˋ,高-1275,1271
目錄,目錄,"mùlù ",N,ㄇㄨˋ　ㄌㄨˋ,高-1276,1272
哪怕,哪怕,"năpà ",Conj," ㄋㄚˇ　ㄆㄚˋ",高-1277,1273
奶粉,奶粉,"năifěn ",N,ㄋㄞˇ　ㄈㄣˇ,高-1278,1274
耐心,耐心,"nàixīn ",Adv,ㄋㄞˋ　ㄒㄧㄣ,高-1279,1275
耐用,耐用,"nàiyòng ",Vs,ㄋㄞˋ　ㄩㄥˋ,高-1280,1276
難道,難道,"nándào ",Adv,ㄋㄢˊ　ㄉㄠˋ,高-1281,1277
難得,難得,"nándé ",Vs,ㄋㄢˊ　ㄉㄜˊ,高-1282,1278
難受,難受,"nánshòu ",Vs,ㄋㄢˊ　ㄕㄡˋ,高-1283,1279
難以,難以,"nányǐ ",Adv,ㄋㄢˊㄧˇ,高-1284,1280
男性,男性,nánxìng,N,ㄋㄢˊ　ㄒㄧㄥˋ,高-1285,1281
腦袋(˙ㄉㄞ),腦袋(˙ㄉㄞ),"năodai ",N,ㄋㄠˇ　˙ㄉㄞ,高-1286,1282
腦筋,腦筋,"năojīn ",N,ㄋㄠˇ　ㄐㄧㄣ,高-1287,1283
鬧,鬧,"nào ",V,ㄋㄠˋ,高-1288,1284
鬧區,鬧區,"nàoqū ",N,ㄋㄠˋ　ㄑㄩ,高-1289,1285
內部,內部,"nèibù ",N,ㄋㄟˋ　ㄅㄨˋ,高-1290,1286
內地,內地,nèidì,N,ㄋㄟˋ　ㄉㄧˋ,高-1291,1287
內行,內行,"nèiháng ",Vs,ㄋㄟˋ　ㄏㄤˊ,高-1292,1288
內科,內科,"nèikē ",N,ㄋㄟˋ　ㄎㄜ,高-1293,1289
能幹,能幹,"nénggàn ",Vs,ㄋㄥˊ　ㄍㄢˋ,高-1294,1290
能源,能源,"néngyuán ",N,ㄋㄥˊ　ㄩㄢˊ,高-1295,1291
泥,泥,"ní ",N,ㄋㄧˊ,高-1296,1292
泥土,泥土,"nítŭ ",N,ㄋㄧˊ　ㄊㄨˇ,高-1297,1293
黏/粘,黏,"nián ",V,ㄋㄧㄢˊ,高-1299,1294
黏/粘,黏,"nián ",Vs,ㄋㄧㄢˊ,高-1300,1295
尿,尿,"niào ",N,ㄋㄧㄠˋ,高-1301,1296
尿,尿,"niào ",Vi,ㄋㄧㄠˋ,高-1302,1297
捏,捏,"niē ",V,ㄋㄧㄝ,高-1303,1298
寧可,寧可,"níngkě ",Vaux,ㄋㄧㄥˊ　ㄎㄜˇ,高-1304,1299
寧願,寧願,"níngyuàn ",Vaux,ㄋㄧㄥˊ　ㄩㄢˋ,高-1305,1300
鈕扣,鈕扣,"niŭkòu ",N,ㄋㄧㄡˇ　ㄎㄡˋ,高-1306,1301
農場,農場,"nóngchăng ",N,ㄋㄨㄥˊ　ㄔㄤˇ,高-1307,1302
農產品,農產品,"nóngchănpĭn  ",N,ㄋㄨㄥˊ　ㄔㄢˇ　ㄆㄧㄣˇ,高-1308,1303
農村,農村,"nóngcūn  ",N,ㄋㄨㄥˊ　ㄘㄨㄣ,高-1309,1304
農民/農夫,農民,"nóngmín/nóngfū ",N,ㄋㄨㄥˊ　ㄇㄧㄣˊ/ㄋㄨㄥˊ　ㄈㄨ,高-1310,1305
農藥,農藥,"nóngyào  ",N,ㄋㄨㄥˊ　ㄧㄠˋ,高-1311,1306
濃,濃,"nóng ",Vs,ㄋㄨㄥˊ,高-1312,1307
濃厚,濃厚,"nónghòu  ",Vs,ㄋㄨㄥˊ　ㄏㄡˋ,高-1313,1308
暖,暖,nuăn,Vs,ㄋㄨㄢˇ,高-1314,1309
暖和(˙ㄏㄨㄛ),暖和(˙ㄏㄨㄛ),"nuănhuo ",Vs,ㄋㄨㄢˇ　˙ㄏㄨㄛ,高-1315,1310
暖氣,暖氣,"nuănqì  ",N,ㄋㄨㄢˇ　ㄑㄧˋ,高-1316,1311
女性,女性,"nǚxìng ",N,ㄋㄩˇ　ㄒㄧㄥˋ,高-1317,1312
偶然,偶然,"ǒurán ",Vs,ㄡˇ　ㄖㄢˊ,高-1318,1313
排,排,"pái ",M,ㄆㄞˊ,高-1319,1314
排,排,"pái ",V,ㄆㄞˊ,高-1320,1315
排斥,排斥,"páichì  ",V,ㄆㄞˊ　ㄔˋ,高-1321,1316
排列,排列,"páiliè ",V,ㄆㄞˊ　ㄌㄧㄝˋ,高-1322,1317
排球,排球,"páiqiú  ",N,ㄆㄞˊ　ㄑㄧㄡˊ,高-1323,1318
派,派,"pài ",V,ㄆㄞˋ,高-1324,1319
攀,攀,"pān ",V,ㄆㄢ,高-1325,1320
盤,盤,pán,M,ㄆㄢˊ,高-1326,1321
判斷,判斷,"pànduàn ",V,ㄆㄢˋ　ㄉㄨㄢˋ,高-1327,1322
泡,泡,"pào ",V,ㄆㄠˋ,高-1328,1323
炮,炮,"pào ",N,ㄆㄠˋ,高-1329,1324
砲,砲,"pào ",N,ㄆㄠˋ,高-1330,1325
賠,賠,"péi ",V,ㄆㄟˊ,高-1331,1326
賠償,賠償,"péicháng ",V,ㄆㄟˊ　ㄔㄤˊ,高-1332,1327
陪同,陪同,"péitóng  ",V,ㄆㄟˊ　ㄊㄨㄥˊ,高-1333,1328
佩服(˙ㄈㄨ),佩服(˙ㄈㄨ),"pèifu ",Vst,ㄆㄟˋ　˙ㄈㄨ,高-1334,1329
噴,噴,"pēn ",V,ㄆㄣ,高-1335,1330
盆,盆,"pén ",M,ㄆㄣˊ,高-1336,1331
膨脹,膨脹,"péngzhàng ",Vp,ㄆㄥˊ　ㄓㄤˋ,高-1337,1332
捧,捧,"pěng ",V,ㄆㄥˇ,高-1338,1333
碰見,碰見,"pèngjiàn ",Vpt,ㄆㄥˋ　ㄐㄧㄢˋ,高-1339,1334
匹,匹,"pī ",M,ㄆㄧ,高-1340,1335
批,批,"pī ",M,ㄆㄧ,高-1341,1336
批,批,"pī ",V,ㄆㄧ,高-1342,1337
批判,批判,"pīpàn ",V,ㄆㄧ　ㄆㄢˋ,高-1343,1338
皮,皮,"pí ",Vs,ㄆㄧˊ,高-1344,1339
披,披,"pī ",V,ㄆㄧ,高-1345,1340
疲倦,疲倦,"píjuàn ",Vs,ㄆㄧˊ　ㄐㄩㄢˋ,高-1346,1341
疲勞,疲勞,"píláo ",Vs,ㄆㄧˊ　ㄌㄠˊ,高-1347,1342
脾氣(˙ㄑㄧ),脾氣(˙ㄑㄧ),píqi,N,ㄆㄧˊ　˙ㄑㄧ,高-1348,1343
屁股(˙ㄍㄨ),屁股(˙ㄍㄨ),"pìgu ",N,ㄆㄧˋ　˙ㄍㄨ,高-1349,1344
篇,篇,"piān ",M,ㄆㄧㄢ,高-1350,1345
偏/偏偏,偏,piān/piānpiān,Adv,ㄆㄧㄢ,高-1351,1346
偏食,偏食,"piānshí ",Vs,ㄆㄧㄢ　ㄕˊ,高-1352,1347
偏向,偏向,"piānxiàng ",Vst,ㄆㄧㄢ　ㄒㄧㄤˋ,高-1353,1348
騙,騙,"piàn ",V,ㄆㄧㄢˋ,高-1354,1349
片面,片面,"piànmiàn ",Vs-attr,ㄆㄧㄢˋ　ㄇㄧㄢˋ,高-1355,1350
片子,片子,"piànzi ",N,ㄆㄧㄢˋ　˙ㄗ,高-1356,1351
飄,飄,"piāo ",Vi,ㄆㄧㄠ,高-1357,1352
拼命,拼命,"pīnmìng ",Vs,ㄆㄧㄣ　ㄇㄧㄥˋ,高-1358,1353
貧窮,貧窮,"pínqióng ",Vs,ㄆㄧㄣˊ　ㄑㄩㄥˊ,高-1359,1354
品德,品德,"pĭndé ",N,ㄆㄧㄣˇ　ㄉㄜˊ,高-1360,1355
聘請,聘請,"pìnqĭng ",V,ㄆㄧㄥˋ　ㄑㄧㄥˇ,高-1361,1356
憑,憑,"píng ",Prep,ㄆㄧㄥˊ,高-1362,1357
平常,平常,"píngcháng ",Vs,ㄆㄧㄥˊ　ㄔㄤˊ,高-1363,1358
平衡,平衡,"pínghéng ",Vst,ㄆㄧㄥˊ　ㄏㄥˊ,高-1364,1359
平靜,平靜,"píngjìng ",Vs,ㄆㄧㄥˊ　ㄐㄧㄥˋ,高-1365,1360
平均,平均,"píngjūn ",Vs,ㄆㄧㄥˊ　ㄐㄩㄣ,高-1366,1361
婆婆(˙ㄆㄛ),婆婆(˙ㄆㄛ),pópo,N,ㄆㄛˊ　˙ㄆㄛ,高-1367,1362
頗,頗,pŏ,Adv,ㄆㄛˇ,高-1368,1363
破爛,破爛,"pòlàn ",Vs,ㄆㄛˋ　ㄌㄢˋ,高-1369,1364
破裂,破裂,"pòliè ",Vp,ㄆㄛˋ　ㄌㄧㄝˋ,高-1370,1365
迫切,迫切,"pòqiè ",Vs,ㄆㄛˋ　ㄑㄧㄝˋ,高-1371,1366
撲,撲,"pū ",V,ㄆㄨ,高-1372,1367
撲滅,撲滅,"pūmiè ",V,ㄆㄨ　ㄇㄧㄝˋ,高-1373,1368
鋪,鋪,"pū ",V,ㄆㄨ,高-1374,1369
普及,普及,"pŭjí ",Vs,ㄆㄨˇ　ㄐㄧˊ,高-1375,1370
普通,普通,"pŭtōng ",Vs,ㄆㄨˇ　ㄊㄨㄥ,高-1376,1371
普通話,普通話,"pŭtōnghuà ",N,ㄆㄨˇ　ㄊㄨㄥ　ㄏㄨㄚˋ,高-1377,1372
瀑布,瀑布,"pùbù ",N,ㄆㄨˋ　ㄅㄨˋ,高-1378,1373
欺騙,欺騙,"qīpiàn ",V,ㄑㄧ　ㄆㄧㄢˋ,高-1379,1374
妻子,妻子,"qīzĭ ",N,ㄑㄧ　ㄗˇ,高-1380,1375
期,期,qí,N,ㄑㄧˊ,高-1382,1376
期限,期限,"qíxiàn ",N,ㄑㄧˊ　ㄒㄧㄢˋ,高-1383,1377
其,其,"qí ",N,ㄑㄧˊ,高-1384,1378
其餘,其餘,"qíyú ",Det,ㄑㄧˊ　ㄩˊ,高-1385,1379
棋,棋,"qí ",N,ㄑㄧˊ,高-1386,1380
齊,齊,"qí ",Vs,ㄑㄧˊ,高-1387,1381
齊全,齊全,"qíquán ",Vs,ㄑㄧˊ　ㄑㄩㄢˊ,高-1388,1382
旗袍,旗袍,"qípáo ",N,ㄑㄧˊ　ㄆㄠˊ,高-1389,1383
旗子,旗子,"qízi ",N,ㄑㄧˊ　˙ㄗ,高-1390,1384
歧視,歧視,"qíshì ",Vst,ㄑㄧˊ　ㄕˋ,高-1391,1385
起,起,qĭ,M,ㄑㄧˇ,高-1392,1386
起,起,qĭ,V,ㄑㄧˇ,高-1393,1387
起初,起初,"qĭchū ",Adv,ㄑㄧˇ　ㄔㄨ,高-1394,1388
起火,起火,qĭhuŏ,Vp,ㄑㄧˇ　ㄏㄨㄛˇ,高-1395,1389
企圖,企圖,"qìtú ",N,ㄑㄧˋ　ㄊㄨˊ,高-1396,1390
企圖,企圖,"qìtú ",Vaux,ㄑㄧˋ　ㄊㄨˊ,高-1397,1391
汽油,汽油,"qìyóu ",N,ㄑㄧˋ　ㄧㄡˊ,高-1398,1392
器材,器材,"qìcái ",N,ㄑㄧˋ　ㄘㄞˊ,高-1399,1393
器官,器官,"qìguān ",N,ㄑㄧˋ　ㄍㄨㄢ,高-1400,1394
氣氛,氣氛,"qìfēn ",N,ㄑㄧˋ　ㄈㄣ,高-1401,1395
氣憤,氣憤,"qìfèn ",Vs,ㄑㄧˋ　ㄈㄣˋ,高-1402,1396
氣候,氣候,"qìhòu ",N,ㄑㄧˋ　ㄏㄡˋ,高-1403,1397
氣味,氣味,"qìwèi ",N,ㄑㄧˋ　ㄨㄟˋ,高-1404,1398
氣息,氣息,"qìxí ",N,ㄑㄧˋ　ㄒㄧˊ,高-1405,1399
氣象,氣象,"qìxiàng ",N,ㄑㄧˋ　ㄒㄧㄤˋ,高-1406,1400
千萬,千萬,"qiānwàn ",Adv,ㄑㄧㄢ　ㄨㄢˋ,高-1407,1401
牽,牽,"qiān ",V,ㄑㄧㄢ,高-1408,1402
遷,遷,"qiān ",V,ㄑㄧㄢ,高-1409,1403
簽,簽,"qiān ",V,ㄑㄧㄢ,高-1410,1404
簽訂,簽訂,"qiāndìng ",V,ㄑㄧㄢ　ㄉㄧㄥˋ,高-1411,1405
簽約,簽約,"qiānyuē ",V-sep,ㄑㄧㄢ　ㄩㄝ,高-1412,1406
簽字,簽字,"qiānzì ",V-sep,ㄑㄧㄢ　ㄗˋ,高-1413,1407
前方,前方,"qiánfāng ",N,ㄑㄧㄢˊ　ㄈㄤ,高-1414,1408
前進,前進,"qiánjìn ",V,ㄑㄧㄢˊ　ㄐㄧㄣˋ,高-1415,1409
前頭(˙ㄊㄡ),前頭(˙ㄊㄡ),"qiántou ",N,ㄑㄧㄢˊ　˙ㄊㄡ,高-1416,1410
前途,前途,"qiántú ",N,ㄑㄧㄢˊ　ㄊㄨˊ,高-1417,1411
前往,前往,"qiánwăng ",V,ㄑㄧㄢˊ　ㄨㄤˇ,高-1418,1412
前院,前院,"qiányuàn ",N,ㄑㄧㄢˊㄩㄢˋ,高-1419,1413
欠,欠,"qiàn ",V,ㄑㄧㄢˋ,高-1420,1414
歉意,歉意,"qiànyì ",N,ㄑㄧㄢˋ　ㄧˋ,高-1421,1415
槍,槍,"qiāng ",N,ㄑㄧㄤ,高-1422,1416
強,強,"qiáng ",Vs,ㄑㄧㄤˊ,高-1423,1417
強大,強大,"qiángdà ",Vs,ㄑㄧㄤˊ　ㄉㄚˋ,高-1424,1418
強度,強度,"qiángdù ",N,ㄑㄧㄤˊ　ㄉㄨˋ,高-1425,1419
強烈,強烈,"qiángliè ",Vs,ㄑㄧㄤˊ　ㄌㄧㄝˋ,高-1426,1420
強人,強人,"qiángrén ",N,ㄑㄧㄤˊ　ㄖㄣˊ,高-1428,1421
牆壁,牆壁,"qiángbì ",N,ㄑㄧㄤˊ　ㄅㄧˋ,高-1429,1422
強迫,強迫,"qiăngpò ",V,ㄑㄧㄤˇ　ㄆㄛˋ,高-1427,1423
搶救,搶救,"qiăngjiù ",V,ㄑㄧㄤˇ　ㄐㄧㄡˋ,高-1430,1424
敲,敲,"qiāo ",V,ㄑㄧㄠ,高-1431,1425
瞧,瞧,"qiáo ",V,ㄑㄧㄠˊ,高-1432,1426
巧,巧,qiăo,Vs,ㄑㄧㄠˇ,高-1433,1427
巧妙,巧妙,"qiăomiào ",Vs,ㄑㄧㄠˇ　ㄇㄧㄠˋ,高-1434,1428
悄悄,悄悄,qiăoqiăo,Adv,ㄑㄧㄠˇ　ㄑㄧㄠˇ,高-1435,1429
切,切,"qiē ",V,ㄑㄧㄝ,高-1436,1430
且,且,"qiě ",Conj,ㄑㄧㄝˇ,高-1437,1431
親愛,親愛,"qīnài ",Vs-attr,ㄑㄧㄣ　ㄞˋ,高-1438,1432
親口,親口,"qīnkŏu ",Adv,ㄑㄧㄣ　ㄎㄡˇ,高-1439,1433
親戚,親戚,"qīnqī  ",N,ㄑㄧㄣ　ㄑㄧ,高-1440,1434
親人,親人,"qīnrén ",N,ㄑㄧㄣ　ㄖㄣˊ,高-1441,1435
侵害,侵害,"qīnhài ",V,ㄑㄧㄣ　ㄏㄞˋ,高-1442,1436
侵入,侵入,"qīnrù ",V,ㄑㄧㄣ　ㄖㄨˋ,高-1443,1437
勤勞,勤勞,"qínláo ",Vs,ㄑㄧㄣˊ　ㄌㄠˊ,高-1444,1438
寢室,寢室,"qǐnshì ",N,ㄑㄧㄣˇ　ㄕˋ,高-1445,1439
青,青,"qīng ",Vs,ㄑㄧㄥ,高-1446,1440
清,清,"qīng ",V,ㄑㄧㄥ,高-1447,1441
清晨,清晨,"qīngchén ",N,ㄑㄧㄥ　ㄔㄣˊ,高-1448,1442
清除,清除,"qīngchú ",V,ㄑㄧㄥ　ㄔㄨˊ,高-1449,1443
清楚,清楚,"qīngchŭ ",Vs,ㄑㄧㄥ　ㄔㄨˇ,高-1450,1444
清淡,清淡,"qīngdàn ",Vs,ㄑㄧㄥ　ㄉㄢˋ,高-1451,1445
清晰,清晰,"qīngxī  ",Vs,ㄑㄧㄥ　ㄒㄧ,高-1452,1446
清醒,清醒,"qīngxĭng  ",Vs,ㄑㄧㄥ　ㄒㄧㄥˇ,高-1453,1447
輕傷,輕傷,"qīngshāng  ",N,ㄑㄧㄥ　ㄕㄤ,高-1454,1448
輕視,輕視,"qīngshì ",Vst,ㄑㄧㄥ　ㄕˋ,高-1455,1449
傾向,傾向,"qīngxiàng ",Vst,ㄑㄧㄥ　ㄒㄧㄤˋ,高-1456,1450
情書,情書,"qíngshū  ",N,ㄑㄧㄥˊ　ㄕㄨ,高-1457,1451
情緒,情緒,"qíngxù ",N,ㄑㄧㄥˊ　ㄒㄩˋ,高-1458,1452
秋季,秋季,"qiūjì ",N,ㄑㄧㄡ　ㄐㄧˋ,高-1459,1453
求婚,求婚,"qiúhūn ",V-sep,ㄑㄧㄡˊ　ㄏㄨㄣ,高-1460,1454
球隊,球隊,"qiúduì ",N,ㄑㄧㄡˊ　ㄉㄨㄟˋ,高-1461,1455
球鞋,球鞋,"qiúxié ",N,ㄑㄧㄡˊ　ㄒㄧㄝˊ,高-1462,1456
曲折,曲折,"qūzhé ",Vs,ㄑㄩ　ㄓㄜˊ,高-1463,1457
區別,區別,"qūbié ",N,ㄑㄩ　ㄅㄧㄝˊ,高-1464,1458
區別,區別,"qūbié ",V,ㄑㄩ　ㄅㄧㄝˊ,高-1465,1459
區域,區域,"qūyù ",N,ㄑㄩ　ㄩˋ,高-1466,1460
取,取,"qŭ ",V,ㄑㄩˇ,高-1467,1461
取得,取得,"qŭdé ",Vpt,ㄑㄩˇ　ㄉㄜˊ,高-1468,1462
取笑,取笑,"qŭxiào ",V,ㄑㄩˇ　ㄒㄧㄠˋ,高-1469,1463
取消,取消,"qŭxiāo ",V,ㄑㄩˇ　ㄒㄧㄠ,高-1470,1464
娶,娶,"qŭ ",V,ㄑㄩˇ,高-1471,1465
去,去,"qù ",V,ㄑㄩˋ,高-1472,1466
圈,圈,"quān ",M,ㄑㄩㄢ,高-1473,1467
全家,全家,"quánjiā ",N,ㄑㄩㄢˊ　ㄐㄧㄚ,高-1474,1468
全面,全面,"quánmiàn ",Adv,ㄑㄩㄢˊ　ㄇㄧㄢˋ,高-1475,1469
全面,全面,"quánmiàn ",Vs-attr,ㄑㄩㄢˊ　ㄇㄧㄢˋ,高-1476,1470
全體,全體,quántĭ,N,ㄑㄩㄢˊ　ㄊㄧˇ,高-1477,1471
拳頭,拳頭,quántou,N,ㄑㄩㄢˊ　˙ㄊㄡ,高-1478,1472
權利,權利,"quánlì ",N,ㄑㄩㄢˊ　ㄌㄧˋ,高-1479,1473
勸,勸,"quàn ",V,ㄑㄩㄢˋ,高-1480,1474
缺,缺,"quē ",Vst,ㄑㄩㄝ,高-1481,1475
缺乏,缺乏,"quēfá ",Vst,ㄑㄩㄝ　ㄈㄚˊ,高-1482,1476
缺少,缺少,"quēshăo ",Vst,ㄑㄩㄝ　ㄕㄠˇ,高-1483,1477
缺席,缺席,"quēxí ",Vs,ㄑㄩㄝ　ㄒㄧˊ,高-1484,1478
確實,確實,"quèshí ",Vs,ㄑㄩㄝˋ　ㄕˊ,高-1485,1479
群,群,"qún ",M,ㄑㄩㄣˊ,高-1486,1480
群眾,群眾,"qúnzhòng ",N,ㄑㄩㄣˊ　ㄓㄨㄥˋ,高-1487,1481
然而,然而,"ránér ",Conj,ㄖㄢˊ　ㄦˊ,高-1488,1482
燃料,燃料,"ránliào ",N,ㄖㄢˊ　ㄌㄧㄠˋ,高-1489,1483
燃燒,燃燒,"ránshāo ",V,ㄖㄢˊ　ㄕㄠ,高-1490,1484
染,染,"răn ",V,ㄖㄢˇ,高-1491,1485
讓,讓,"ràng ",V,ㄖㄤˋ,高-1492,1486
讓步,讓步,"ràngbù ",Vi,ㄖㄤˋ　ㄅㄨˋ,高-1493,1487
繞,繞,"rào ",V,ㄖㄠˋ,高-1494,1488
惹,惹,"rě ",V,ㄖㄜˇ,高-1495,1489
惹,惹,"rě ",Vst,ㄖㄜˇ,高-1496,1490
熱愛,熱愛,"rèài ",Vst,ㄖㄜˋ　ㄞˋ,高-1497,1491
熱烈,熱烈,"rèliè ",Vs,ㄖㄜˋ　ㄌㄧㄝˋ,高-1498,1492
熱門,熱門,"rèmén ",Vs,ㄖㄜˋ　ㄇㄣˊ,高-1499,1493
熱情,熱情,"rèqíng ",N,ㄖㄜˋ　ㄑㄧㄥˊ,高-1500,1494
熱情,熱情,"rèqíng ",Vs,ㄖㄜˋ　ㄑㄧㄥˊ,高-1501,1495
熱心,熱心,"rèxīn ",Vs,ㄖㄜˋ　ㄒㄧㄣ,高-1502,1496
人才,人才,"réncái ",N,ㄖㄣˊ　ㄘㄞˊ,高-1503,1497
人格,人格,"réngé ",N,ㄖㄣˊ　ㄍㄜˊ,高-1504,1498
人工,人工,"réngōng ",N,ㄖㄣˊ　ㄍㄨㄥ,高-1505,1499
人力,人力,"rénlì ",N,ㄖㄣˊ　ㄌㄧˋ,高-1506,1500
人情味/人情味兒,人情味/人情味兒,rénqíngwèi/rénqíngwèir,N,"ㄖㄣˊ　ㄑㄧㄥˊ　ㄨㄟˋ/ㄖㄣˊ　ㄑㄧㄥˊ　ㄨㄟˋ ㄦ",高-1507,1501
人權,人權,"rénquán ",N,ㄖㄣˊ　ㄑㄩㄢˊ,高-1508,1502
人生,人生,"rénshēng ",N,ㄖㄣˊ　ㄕㄥ,高-1509,1503
人事,人事,"rénshì ",N,ㄖㄣˊ　ㄕˋ,高-1510,1504
人體,人體,"réntǐ ",N,ㄖㄣˊ　ㄊㄧˇ,高-1511,1505
人心,人心,"rénxīn ",N,ㄖㄣˊ　ㄒㄧㄣ,高-1512,1506
人行道,人行道,"rénxíngdào ",N,ㄖㄣˊ　ㄒㄧㄥˊ　ㄉㄠˋ,高-1513,1507
人員,人員,"rényuán ",N,ㄖㄣˊ　ㄩㄢˊ,高-1514,1508
忍不住,忍不住,"rěnbùzhù ",Vs,ㄖㄣˇ　ㄅㄨˋ　ㄓㄨˋ,高-1515,1509
忍受,忍受,"rěnshòu ",Vst,ㄖㄣˇ　ㄕㄡˋ,高-1516,1510
忍心,忍心,"rěnxīn ",Vs,ㄖㄣˇ　ㄒㄧㄣ,高-1517,1511
任,任,"rèn ",Vst,ㄖㄣˋ,高-1518,1512
任性,任性,"rènxìng ",Vs,ㄖㄣˋ　ㄒㄧㄥˋ,高-1519,1513
日常,日常,"rìcháng ",Vs-attr,ㄖˋ　ㄔㄤˊ,高-1520,1514
日後,日後,"rìhòu ",N,ㄖˋ　ㄏㄡˋ,高-1521,1515
日用品,日用品,"rìyòngpĭn ",N,ㄖˋ　ㄩㄥˋ　ㄆㄧㄣˇ,高-1522,1516
容,容,"róng ",Vst,ㄖㄨㄥˊ,高-1523,1517
融化,融化,"rónghuà ",Vp,ㄖㄨㄥˊ　ㄏㄨㄚˋ,高-1524,1518
榮幸,榮幸,"róngxìng ",Vs,ㄖㄨㄥˊ　ㄒㄧㄥˋ,高-1525,1519
如,如,"rú ",Vst,ㄖㄨˊ,高-1526,1520
如果說,如果說,rúguŏshuō,Conj,ㄖㄨˊㄍㄨㄛˇㄕㄨㄛ,高-1527,1521
如何,如何,"rúhé ",Adv,ㄖㄨˊ　ㄏㄜˊ,高-1528,1522
如何,如何,"rúhé ",Vs,ㄖㄨˊ　ㄏㄜˊ,高-1529,1523
如今,如今,"rújīn ",N,ㄖㄨˊ　ㄐㄧㄣ,高-1530,1524
如同,如同,"rútóng ",Vst,ㄖㄨˊ　ㄊㄨㄥˊ,高-1531,1525
入,入,"rù ",V,ㄖㄨˋ,高-1532,1526
入境,入境,rùjìng,V,ㄖㄨˋ　ㄐㄧㄥˋ,高-1533,1527
入口,入口,rùkŏu,N,ㄖㄨˋ　ㄎㄡˇ,高-1534,1528
入學,入學,"rùxué ",Vp,ㄖㄨˋ　ㄒㄩㄝˊ,高-1535,1529
軟,軟,"ruăn ",Vs,ㄖㄨㄢˇ,高-1536,1530
塞,塞,sāi,V,ㄙㄞ,高-1537,1531
賽跑,賽跑,"sàipăo ",Vi,ㄙㄞˋ　ㄆㄠˇ,高-1538,1532
三角形,三角形,"sānjiăoxíng ",N,ㄙㄢ　ㄐㄧㄠˇ　ㄒㄧㄥˊ,高-1539,1533
散,散,sàn,V,ㄙㄢˋ,高-1540,1534
散,散,sàn,Vp,ㄙㄢˋ,高-1541,1535
喪失,喪失,"sàngshī ",Vpt,ㄙㄤˋ　ㄕ,高-1542,1536
艘,艘,"sāo ",M,ㄙㄠ,高-1543,1537
掃,掃,"săo ",V,ㄙㄠˇ,高-1544,1538
色彩,色彩,"sècăi ",N,ㄙㄜˋ　ㄘㄞˇ,高-1545,1539
色情,色情,"sèqíng ",N,ㄙㄜˋ　ㄑㄧㄥˊ,高-1546,1540
沙,沙,"shā ",N,ㄕㄚ,高-1547,1541
沙漠,沙漠,"shāmò  ",N,ㄕㄚ　ㄇㄛˋ,高-1548,1542
沙灘,沙灘,"shātān  ",N,ㄕㄚ　ㄊㄢ,高-1549,1543
沙子,沙子,"shāzi  ",N,ㄕㄚ　˙ㄗ,高-1550,1544
殺價,殺價,"shājià ",V-sep,ㄕㄚ　ㄐㄧㄚˋ,高-1551,1545
傻,傻,"shă ",Vs,ㄕㄚˇ,高-1552,1546
曬太陽,晒太陽,"shàitàiyáng ",Vi,ㄕㄞˋㄊㄞˋㄧㄤˊ,高-1553,1547
山地,山地,"shāndì ",N,ㄕㄢ　ㄉㄧˋ,高-1554,1548
閃,閃,"shăn ",Vi,ㄕㄢˇ,高-1555,1549
閃,閃,"shăn ",Vp,ㄕㄢˇ,高-1556,1550
善於,善於,"shànyú ",Vst,ㄕㄢˋ　ㄩˊ,高-1557,1551
扇子,扇子,"shànzi ",N,ㄕㄢˋ　˙ㄗ,高-1558,1552
傷,傷,"shāng ",N,ㄕㄤ,高-1559,1553
傷,傷,"shāng ",Vs,ㄕㄤ,高-1560,1554
傷腦筋,傷腦筋,"shāngnăojīn ",Vs,ㄕㄤ　ㄋㄠˇ　ㄐㄧㄣ,高-1561,1555
商標,商標,"shāngbiāo ",N,ㄕㄤ　ㄅㄧㄠ,高-1562,1556
商場,商場,"shāngchăng ",N,ㄕㄤ　ㄔㄤˇ,高-1563,1557
商量(˙ㄌㄧㄤ),商量(˙ㄌㄧㄤ),"shāngliang ",V,ㄕㄤ　˙ㄌㄧㄤ,高-1564,1558
上,上,"shàng ",V,ㄕㄤˋ,高-1565,1559
上級,上級,"shàngjí ",N,ㄕㄤˋ　ㄐㄧˊ,高-1566,1560
上升,上升,"shàngshēng ",Vi,ㄕㄤˋ　ㄕㄥ,高-1567,1561
上市,上市,"shàngshì ",Vp,ㄕㄤˋ　ㄕˋ,高-1568,1562
上述,上述,"shàngshù ",N,ㄕㄤˋ　ㄕㄨˋ,高-1569,1563
上台/臺,上台,"shàngtái ",V-sep,ㄕㄤˋㄊㄞˊ,高-1570,1564
上頭(˙ㄊㄡ),上頭(˙ㄊㄡ),"shàngtou ",N,ㄕㄤˋ　˙ㄊㄡ,高-1571,1565
上下,上下,"shàngxià ",N,ㄕㄤˋ　ㄒㄧㄚˋ,高-1572,1566
上游,上游,"shàngyóu ",N,ㄕㄤˋ　ㄧㄡˊ,高-1573,1567
稍,稍,"shāo ",Adv,ㄕㄠ,高-1574,1568
稍微,稍微,"shāowéi ",Adv,ㄕㄠ　ㄨㄟˊ,高-1575,1569
少數,少數,"shăoshù ",Det,ㄕㄠˇ　ㄕㄨˋ,高-1576,1570
少年,少年,"shàonián ",N,ㄕㄠˋ　ㄋㄧㄢˊ,高-1577,1571
少女,少女,"shàonǚ ",N,ㄕㄠˋ　ㄋㄩˇ,高-1578,1572
舌頭(˙ㄊㄡ),舌頭(˙ㄊㄡ),"shétou ",N,ㄕㄜˊ　˙ㄊㄡ,高-1579,1573
捨不得,捨不得,shěbùde,Vst,ㄕㄜˇ　ㄅㄨˋ　˙ㄉㄜ,高-1580,1574
捨得,捨得,shěde,Vst,ㄕㄜˇ　˙ㄉㄜ,高-1581,1575
射,射,"shè ",V,ㄕㄜˋ,高-1582,1576
社會,社會,"shèhuì ",N,ㄕㄜˋ　ㄏㄨㄟˋ,高-1583,1577
社交,社交,"shèjiāo ",N,ㄕㄜˋ　ㄐㄧㄠ,高-1584,1578
社團,社團,"shètuán ",N,ㄕㄜˋ　ㄊㄨㄢˊ,高-1585,1579
設立,設立,"shèlì ",V,ㄕㄜˋ　ㄌㄧˋ,高-1586,1580
設置,設置,"shèzhì ",V,ㄕㄜˋ　ㄓˋ,高-1587,1581
攝影,攝影,"shèyĭng ",Vi,ㄕㄜˋ　ㄧㄥˇ,高-1588,1582
申請,申請,"shēnqĭng ",V,ㄕㄣ　ㄑㄧㄥˇ,高-1589,1583
伸,伸,"shēn ",V,ㄕㄣ,高-1590,1584
伸手,伸手,shēnshŏu,Vi,ㄕㄣ　ㄕㄡˇ,高-1591,1585
身材,身材,"shēncái ",N,ㄕㄣ　ㄘㄞˊ,高-1592,1586
身分,身分,"shēnfèn ",N,ㄕㄣ　ㄈㄣˋ,高-1593,1587
身分證,身分證,"shēnfènzhèng ",N,ㄕㄣ　ㄈㄣˋ　ㄓㄥˋ,高-1594,1588
深刻,深刻,"shēnkè ",Vs,ㄕㄣ　ㄎㄜˋ,高-1595,1589
深淺,深淺,"shēnqiăn ",N,ㄕㄣ　ㄑㄧㄢˇ,高-1596,1590
深夜,深夜,"shēnyè ",N,ㄕㄣ　ㄧㄝˋ,高-1597,1591
神,神,"shén ",N,ㄕㄣˊ,高-1598,1592
神話,神話,"shénhuà ",N,ㄕㄣˊ　ㄏㄨㄚˋ,高-1599,1593
神經,神經,"shénjīng ",N,ㄕㄣˊ　ㄐㄧㄥ,高-1600,1594
神秘,神秘,"shénmì ",Vs,ㄕㄣˊㄇㄧˋ,高-1601,1595
神奇,神奇,"shénqí ",Vs,ㄕㄣˊ　ㄑㄧˊ,高-1602,1596
神氣,神氣,"shénqì ",Vs,ㄕㄣˊ　ㄑㄧˋ,高-1603,1597
神聖,神聖,"shénshèng ",Vs,ㄕㄣˊ　ㄕㄥˋ,高-1604,1598
神仙,神仙,"shénxiān ",N,ㄕㄣˊ　ㄒㄧㄢ,高-1605,1599
審查,審查,"shěnchá ",V,ㄕㄣˇ　ㄔㄚˊ,高-1606,1600
慎重,慎重,"shènzhòng ",Vs,ㄕㄣˋ　ㄓㄨㄥˋ,高-1607,1601
升,升,"shēng ",Vp,ㄕㄥ,高-1608,1602
升高,升高,"shēnggāo ",Vp,ㄕㄥ　ㄍㄠ,高-1609,1603
升級,升級,"shēngjí ",Vp,ㄕㄥ　ㄐㄧˊ,高-1610,1604
升學,升學,"shēngxué ",Vi,ㄕㄥ　ㄒㄩㄝˊ,高-1611,1605
生,生,"shēng ",Vs-attr,ㄕㄥ,高-1612,1606
生存,生存,"shēngcún ",Vs,ㄕㄥ　ㄘㄨㄣˊ,高-1613,1607
生肖,生肖,"shēngxiào ",N,ㄕㄥ　ㄒㄧㄠˋ,高-1614,1608
生長,生長,"shēngzhăng ",Vs,ㄕㄥ　ㄓㄤˇ,高-1615,1609
聲,聲,shēng,M,ㄕㄥ,高-1616,1610
繩(子),繩,shéng(zi),N,ㄕㄥˊ,高-1617,1611
省,省,"shěng ",Vs,ㄕㄥˇ,高-1618,1612
省得,省得,"shěngde ",Vaux,ㄕㄥˇ　˙ㄉㄜ,高-1619,1613
勝,勝,"shèng ",Vp,ㄕㄥˋ,高-1620,1614
勝利,勝利,"shènglì ",Vp,ㄕㄥˋ　ㄌㄧˋ,高-1621,1615
失敗,失敗,"shībài ",Vs,ㄕ　ㄅㄞˋ,高-1622,1616
失掉,失掉,"shīdiào ",Vpt,ㄕ　ㄉㄧㄠˋ,高-1623,1617
失眠,失眠,"shīmián ",Vp,ㄕ　ㄇㄧㄢˊ,高-1624,1618
失望,失望,"shīwàng ",Vs,ㄕ　ㄨㄤˋ,高-1625,1619
失業,失業,"shīyè ",Vp,ㄕ　ㄧㄝˋ,高-1626,1620
溼,溼,"shī ",Vs,ㄕ,高-1627,1621
詩,詩,"shī ",N,ㄕ,高-1628,1622
詩人,詩人,"shīrén ",N,ㄕ　ㄖㄣˊ,高-1629,1623
師父(˙ㄈㄨ),師父(˙ㄈㄨ),shīfu,N,ㄕ　˙ㄈㄨ,高-1630,1624
師傅,師傅,"shīfù ",N,ㄕ　ㄈㄨˋ,高-1631,1625
師母,師母,"shīmŭ ",N,ㄕ　ㄇㄨˇ,高-1632,1626
施工,施工,"shīgōng ",Vi,ㄕ　ㄍㄨㄥ,高-1633,1627
時常,時常,"shícháng ",Adv,ㄕˊ　ㄔㄤˊ,高-1634,1628
時機,時機,"shíjī ",N,ㄕˊ　ㄐㄧ,高-1635,1629
時期,時期,"shíqí ",N,ㄕˊ　ㄑㄧˊ,高-1636,1630
時時,時時,"shíshí ",Adv,ㄕˊ　ㄕˊ,高-1637,1631
食品,食品,"shípǐn ",N,ㄕˊ　ㄆㄧㄣˇ,高-1638,1632
實用,實用,"shíyòng ",Vs,ㄕˊ　ㄩㄥˋ,高-1639,1633
實在,實在,"shízài ",Adv,ㄕˊ　ㄗㄞˋ,高-1640,1634
實施,實施,"shíshī ",V,ㄕˊ　ㄕ,高-1641,1635
實現,實現,"shíxiàn ",V,ㄕˊ　ㄒㄧㄢˋ,高-1642,1636
實驗,實驗,"shíyàn ",N,ㄕˊ　ㄧㄢˋ,高-1643,1637
實驗,實驗,"shíyàn ",Vi,ㄕˊ　ㄧㄢˋ,高-1644,1638
使,使,shĭ,V,ㄕˇ,高-1645,1639
始終,始終,"shĭzhōng ",Adv,ㄕˇ　ㄓㄨㄥ,高-1646,1640
示威,示威,"shìwēi ",Vi,ㄕˋ　ㄨㄟ,高-1647,1641
式樣,式樣,"shìyàng ",N,ㄕˋ　ㄧㄤˋ,高-1648,1642
世,世,"shì ",N,ㄕˋ,高-1649,1643
世紀,世紀,"shìjì ",N,ㄕˋ　ㄐㄧˋ,高-1650,1644
市立,市立,"shìlì ",Vs-attr,ㄕˋ　ㄌㄧˋ,高-1651,1645
市民,市民,"shìmín ",N,ㄕˋ　ㄇㄧㄣˊ,高-1652,1646
市區,市區,"shìqū ",N,ㄕˋ　ㄑㄩ,高-1653,1647
視,視,"shì ",Prep,ㄕˋ,高-1654,1648
視野,視野,"shìyě ",N,ㄕˋ　ㄧㄝˇ,高-1655,1649
適當,適當,"shìdàng ",Vs,ㄕˋ　ㄉㄤˋ,高-1656,1650
適合,適合,"shìhé ",Vst,ㄕˋ　ㄏㄜˊ,高-1657,1651
適用,適用,"shìyòng ",Vst,ㄕˋ　ㄩㄥˋ,高-1658,1652
是非,是非,"shìfēi ",N,ㄕˋ　ㄈㄟ,高-1659,1653
是否,是否,"shìfŏu ",Adv,ㄕˋ　ㄈㄡˇ,高-1660,1654
事件,事件,"shìjiàn ",N,ㄕˋ　ㄐㄧㄢˋ,高-1661,1655
事實上,事實上,"shìshíshàng ",Adv,ㄕˋㄕˊㄕㄤˋ,高-1662,1656
事物,事物,"shìwù ",N,ㄕˋ　ㄨˋ,高-1663,1657
事先,事先,"shìxiān ",Adv,ㄕˋ　ㄒㄧㄢ,高-1664,1658
勢力,勢力,"shìlì ",N,ㄕˋ　ㄌㄧˋ,高-1665,1659
試驗,試驗,"shìyàn ",V,ㄕˋ　ㄧㄢˋ,高-1666,1660
收據,收據,"shōujù ",N,ㄕㄡ　ㄐㄩˋ,高-1667,1661
收看,收看,"shōukàn ",V,ㄕㄡ　ㄎㄢˋ,高-1668,1662
收入,收入,"shōurù ",N,ㄕㄡ　ㄖㄨˋ,高-1669,1663
收拾,收拾,"shōushí ",V,ㄕㄡ　ㄕˊ,高-1670,1664
手電筒,手電筒,"shŏudiàntŏng  ",N,ㄕㄡˇ　ㄉㄧㄢˋ　ㄊㄨㄥˇ,高-1671,1665
手段,手段,"shŏuduàn  ",N,ㄕㄡˇ　ㄉㄨㄢˋ,高-1672,1666
手工,手工,"shŏugōng  ",N,ㄕㄡˇ　ㄍㄨㄥ,高-1673,1667
手術,手術,"shŏushù  ",N,ㄕㄡˇ　ㄕㄨˋ,高-1674,1668
首,首,"shŏu ",Det,ㄕㄡˇ,高-1675,1669
首都,首都,"shŏudū  ",N,ㄕㄡˇ　ㄉㄨ,高-1676,1670
首先,首先,"shŏuxiān  ",Adv,ㄕㄡˇ　ㄒㄧㄢ,高-1677,1671
受,受,"shòu ",Prep,ㄕㄡˋ,高-1678,1672
受,受,"shòu ",Vst,ㄕㄡˋ,高-1679,1673
受不(˙ㄅㄨ)了,受不(˙ㄅㄨ)了,"shòubuliăo  ",Vst,ㄕㄡˋ　˙ㄅㄨ　ㄌㄧㄠˇ,高-1680,1674
受到,受到,"shòudào  ",Vpt,ㄕㄡˋㄉㄠˋ,高-1681,1675
售,售,"shòu ",V,ㄕㄡˋ,高-1682,1676
壽命,壽命,"shòumìng  ",N,ㄕㄡˋ　ㄇㄧㄥˋ,高-1683,1677
疏忽,疏忽,"shūhū ",Vp,ㄕㄨ　ㄏㄨ,高-1684,1678
書房,書房,"shūfáng ",N,ㄕㄨ　ㄈㄤˊ,高-1685,1679
書籍,書籍,"shūjí ",N,ㄕㄨ　ㄐㄧˊ,高-1686,1680
輸出,輸出,shūchū,V,ㄕㄨ　ㄔㄨ,高-1687,1681
輸入,輸入,"shūrù ",V,ㄕㄨ　ㄖㄨˋ,高-1688,1682
熟練,熟練,"shúliàn ",Vs,ㄕㄡˊ　ㄌㄧㄢˋ,高-1690,1683
熟人,熟人,"shúrén ",N,ㄕㄡˊ　ㄖㄣˊ,高-1691,1684
屬,屬,"shŭ ",Vst,ㄕㄨˇ,高-1692,1685
屬於,屬於,"shŭyú ",Vst,ㄕㄨˇ　ㄩˊ,高-1693,1686
暑期,暑期,"shŭqí ",N,ㄕㄨˇ　ㄑㄧˊ,高-1694,1687
束,束,"shù ",M,ㄕㄨˋ,高-1695,1688
數,數,"shù ",N,ㄕㄨˋ,高-1696,1689
數量,數量,"shùliàng ",N,ㄕㄨˋ　ㄌㄧㄤˋ,高-1697,1690
數目,數目,"shùmù ",N,ㄕㄨˋ　ㄇㄨˋ,高-1698,1691
樹林,樹林,"shùlín ",N,ㄕㄨˋ　ㄌㄧㄣˊ,高-1699,1692
刷,刷,"shuā ",V,ㄕㄨㄚ,高-1700,1693
刷(子),刷,shuā(zi),N,ㄕㄨㄚ,高-1701,1694
刷卡,刷卡,"shuākă ",V-sep,ㄕㄨㄚ　ㄎㄚˇ,高-1702,1695
耍,耍,"shuă ",V,ㄕㄨㄚˇ,高-1703,1696
摔,摔,"shuāi ",V,ㄕㄨㄞ,高-1704,1697
衰退,衰退,"shuāituì ",Vp,ㄕㄨㄞ　ㄊㄨㄟˋ,高-1705,1698
甩,甩,"shuăi ",V,ㄕㄨㄞˇ,高-1706,1699
率領,率領,"shuàilĭng ",V,ㄕㄨㄞˋ　ㄌㄧㄥˇ,高-1707,1700
雙,雙,"shuāng ",M,ㄕㄨㄤ,高-1708,1701
雙胞胎,雙胞胎,"shuāngbāotāi ",N,ㄕㄨㄤ　ㄅㄠ　ㄊㄞ,高-1709,1702
雙方,雙方,"shuāngfāng ",N,ㄕㄨㄤ　ㄈㄤ,高-1710,1703
水分,水分,"shuĭfèn ",N,ㄕㄨㄟˇ　ㄈㄣˋ,高-1711,1704
水災,水災,"shuǐzāi ",N,ㄕㄨㄟˇ　ㄗㄞ,高-1712,1705
稅,稅,"shuì ",N,ㄕㄨㄟˋ,高-1713,1706
說服,說服,"shuìfú ",V,ㄕㄨㄟˋ　ㄈㄨˊ,高-1714,1707
順,順,"shùn ",Prep,ㄕㄨㄣˋ,高-1715,1708
順,順,"shùn ",Vs,ㄕㄨㄣˋ,高-1716,1709
順手,順手,"shùnshŏu ",Vs,ㄕㄨㄣˋ　ㄕㄡˇ,高-1717,1710
順序,順序,"shùnxù ",N,ㄕㄨㄣˋ　ㄒㄩˋ,高-1718,1711
說不(˙ㄅㄨ)定,說不(˙ㄅㄨ)定,"shuōbudìng ",Adv,ㄕㄨㄛ　˙ㄅㄨ　ㄉㄧㄥˋ,高-1719,1712
碩士,碩士,"shuòshì ",N,ㄕㄨㄛˋ　ㄕˋ,高-1720,1713
絲,絲,"sī ",N,ㄙ,高-1721,1714
撕,撕,"sī ",V,ㄙ,高-1722,1715
私立,私立,"sīlì ",Vs-attr,ㄙ　ㄌㄧˋ,高-1723,1716
私人,私人,"sīrén ",N,ㄙ　ㄖㄣˊ,高-1724,1717
思索,思索,"sīsuŏ ",V,ㄙ　ㄙㄨㄛˇ,高-1725,1718
死,死,sĭ,Adv,ㄙˇ,高-1726,1719
死亡,死亡,"sĭwáng ",Vp,ㄙˇ　ㄨㄤˊ,高-1727,1720
四處,四處,"sìchù ",Adv,ㄙˋ　ㄔㄨˋ,高-1728,1721
四處,四處,"sìchù ",N,ㄙˋ　ㄔㄨˋ,高-1729,1722
四方,四方,"sìfāng ",N,ㄙˋ　ㄈㄤ,高-1730,1723
四季,四季,"sìjì ",N,ㄙˋ　ㄐㄧˋ,高-1731,1724
四周/週,四周,"sìzhōu ",N,ㄙˋ　ㄓㄡ,高-1732,1725
飼養,飼養,"sìyăng ",V,ㄙˋ　ㄧㄤˇ,高-1733,1726
鬆,鬆,"sōng ",Vs,ㄙㄨㄥ,高-1734,1727
送行,送行,"sòngxíng ",Vi,ㄙㄨㄥˋ　ㄒㄧㄥˊ,高-1735,1728
俗,俗,"sú ",Vs,ㄙㄨˊ,高-1736,1729
俗話,俗話,"súhuà  ",N,ㄙㄨˊ　ㄏㄨㄚˋ,高-1737,1730
俗話說,俗話說,"súhuàshuō ",,ㄙㄨˊㄏㄨㄚˋㄕㄨㄛ,高-1738,1731
算,算,"suàn ",V,ㄙㄨㄢˋ,高-1739,1732
算起來(˙ㄑㄧ)(˙ㄌㄞ),算起來(˙ㄑㄧ)(˙ㄌㄞ),"suànqilai  ",Adv," ㄙㄨㄢˋ　˙ㄑㄧ　˙ㄌㄞ",高-1740,1733
算是,算是,"suànshì  ",Vst,ㄙㄨㄢˋ　ㄕˋ,高-1741,1734
算帳,算帳,"suànzhàng  ",V-sep,ㄙㄨㄢˋ　ㄓㄤˋ,高-1742,1735
隨,隨,"suí ",Vst,ㄙㄨㄟˊ,高-1743,1736
隨手,隨手,suíshŏu,Adv,ㄙㄨㄟˊ　ㄕㄡˇ,高-1744,1737
隨意,隨意,"suíyì  ",Vs,ㄙㄨㄟˊ　ㄧˋ,高-1745,1738
隨著,隨著,"suízhe ",Prep,ㄙㄨㄟˊㄓㄜ˙,高-1746,1739
碎,碎,"suì ",Vp,ㄙㄨㄟˋ,高-1747,1740
歲數(˙ㄕㄨ),歲數(˙ㄕㄨ),suìshu,N,ㄙㄨㄟˋ　˙ㄕㄨ,高-1748,1741
孫女,孫女,"sūnnǚ ",N,ㄙㄨㄣ　ㄋㄩˇ,高-1749,1742
孫子,孫子,"sūnzi ",N,ㄙㄨㄣ　˙ㄗ,高-1750,1743
損失,損失,"sŭnshī ",N,ㄙㄨㄣˇ　ㄕ,高-1751,1744
損失,損失,"sŭnshī ",Vpt,ㄙㄨㄣˇ　ㄕ,高-1752,1745
縮,縮,"suō ",V,ㄙㄨㄛ,高-1753,1746
縮短,縮短,"suōduăn ",V,ㄙㄨㄛ　ㄉㄨㄢˇ,高-1754,1747
縮水,縮水,suōshuĭ,Vp,ㄙㄨㄛ　ㄕㄨㄟˇ,高-1755,1748
鎖,鎖,"suŏ ",N,ㄙㄨㄛˇ,高-1756,1749
鎖,鎖,"suŏ ",V,ㄙㄨㄛˇ,高-1757,1750
塌,塌,"tā ",Vp,ㄊㄚ,高-1758,1751
踏,踏,"tà ",V,ㄊㄚˋ,高-1759,1752
抬頭,抬頭,"táitóu ",V-sep,ㄊㄞˊ　ㄊㄡˊ,高-1760,1753
太空,太空,"tàikōng ",N,ㄊㄞˋ　ㄎㄨㄥ,高-1761,1754
攤子,攤子,"tānzi ",N,ㄊㄢ　˙ㄗ,高-1762,1755
彈,彈,"tán ",V,ㄊㄢˊ,高-1763,1756
談判,談判,"tánpàn ",Vi,ㄊㄢˊ　ㄆㄢˋ,高-1764,1757
毯子,毯子,"tănzi ",N,ㄊㄢˇ　˙ㄗ,高-1765,1758
探,探,"tàn ",V,ㄊㄢˋ,高-1766,1759
探親,探親,"tànqīn ",V-sep,ㄊㄢˋ　ㄑㄧㄣ,高-1767,1760
探討,探討,"tàntăo ",V,ㄊㄢˋ　ㄊㄠˇ,高-1768,1761
趟,趟,"tàng ",M,ㄊㄤˋ,高-1769,1762
燙,燙,"tàng ",V,ㄊㄤˋ,高-1770,1763
燙,燙,"tàng ",Vs,ㄊㄤˋ,高-1771,1764
掏,掏,"tāo ",V,ㄊㄠ,高-1772,1765
逃,逃,"táo ",Vi,ㄊㄠˊ,高-1773,1766
逃避,逃避,"táobì ",V,ㄊㄠˊ　ㄅㄧˋ,高-1774,1767
逃走,逃走,"táozŏu ",Vp,ㄊㄠˊ　ㄗㄡˇ,高-1775,1768
陶瓷,陶瓷,"táocí ",N,ㄊㄠˊ　ㄘˊ,高-1776,1769
淘氣,淘氣,"táoqì ",Vs,ㄊㄠˊ　ㄑㄧˋ,高-1777,1770
桃子,桃子,"táozi ",N,ㄊㄠˊ　˙ㄗ,高-1778,1771
討,討,"tăo ",V,ㄊㄠˇ,高-1779,1772
套,套,tào,M,ㄊㄠˋ,高-1780,1773
套,套,"tào ",V,ㄊㄠˋ,高-1781,1774
特別,特別,"tèbié ",Adv,ㄊㄜˋ　ㄅㄧㄝˊ,高-1782,1775
特點,特點,"tèdiăn ",N,ㄊㄜˋ　ㄉㄧㄢˇ,高-1783,1776
提,提,"tí ",V,ㄊㄧˊ,高-1784,1777
提起,提起,tíqĭ,V,ㄊㄧˊ　ㄑㄧˇ,高-1785,1778
提前,提前,"tíqián ",Vp,ㄊㄧˊ　ㄑㄧㄢˊ,高-1786,1779
提醒,提醒,"tíxĭng ",V,ㄊㄧˊ　ㄒㄧㄥˇ,高-1787,1780
提早,提早,"tízăo ",Vp,ㄊㄧˊ　ㄗㄠˇ,高-1788,1781
題,題,"tí ",M,ㄊㄧˊ,高-1789,1782
體溫,體溫,"tĭwēn ",N,ㄊㄧˇ　ㄨㄣ,高-1790,1783
體驗,體驗,"tǐyàn ",V,ㄊㄧˇ　ㄧㄢˋ,高-1791,1784
天才,天才,"tiāncái ",N,ㄊㄧㄢ　ㄘㄞˊ,高-1792,1785
天空,天空,"tiānkōng ",N,ㄊㄧㄢ　ㄎㄨㄥ,高-1793,1786
天然,天然,"tiānrán ",Vs,ㄊㄧㄢ　ㄖㄢˊ,高-1794,1787
天文,天文,"tiānwén ",N,ㄊㄧㄢ　ㄨㄣˊ,高-1795,1788
天真,天真,"tiānzhēn ",Vs,ㄊㄧㄢ　ㄓㄣ,高-1796,1789
天主教,天主教,tiānzhŭjiào,N,ㄊㄧㄢ　ㄓㄨˇ　ㄐㄧㄠˋ,高-1797,1790
田野,田野,"tiányě ",N,ㄊㄧㄢˊ　ㄧㄝˇ,高-1798,1791
挑,挑,"tiāo ",V,ㄊㄧㄠ,高-1799,1792
挑選,挑選,"tiāoxuăn ",V,ㄊㄧㄠ　ㄒㄩㄢˇ,高-1800,1793
條,條,"tiáo ",M,ㄊㄧㄠˊ,高-1801,1794
條約,條約,"tiáoyuē ",N,ㄊㄧㄠˊ　ㄩㄝ,高-1802,1795
調,調,"tiáo ",V,ㄊㄧㄠˊ,高-1803,1796
調整,調整,"tiáozhěng ",V,ㄊㄧㄠˊ　ㄓㄥˇ,高-1804,1797
跳高,跳高,"tiàogāo ",Vi,ㄊㄧㄠˋ　ㄍㄠ,高-1805,1798
跳遠,跳遠,"tiàoyuăn ",Vi,ㄊㄧㄠˋ　ㄩㄢˇ,高-1806,1799
貼心,貼心,"tiēxīn ",Vs,ㄊㄧㄝ　ㄒㄧㄣ,高-1807,1800
停止,停止,"tíngzhĭ ",Vpt,ㄊㄧㄥˊ　ㄓˇ,高-1808,1801
挺,挺,"tĭng ",V,ㄊㄧㄥˇ,高-1809,1802
挺,挺,"tĭng ",Vs,ㄊㄧㄥˇ,高-1810,1803
通,通,tōng,M,ㄊㄨㄥ,高-1811,1804
通,通,"tōng ",Vs,ㄊㄨㄥ,高-1812,1805
通常,通常,"tōngcháng  ",Adv,ㄊㄨㄥ　ㄔㄤˊ,高-1813,1806
通過,通過,"tōngguò ",V,ㄊㄨㄥ　ㄍㄨㄛˋ,高-1814,1807
通信,通信,"tōngxìn  ",V-sep,ㄊㄨㄥ　ㄒㄧㄣˋ,高-1815,1808
通訊,通訊,"tōngxùn  ",N,ㄊㄨㄥ　ㄒㄩㄣˋ,高-1816,1809
同,同,"tóng ",Adv,ㄊㄨㄥˊ,高-1817,1810
同,同,"tóng ",Vs,ㄊㄨㄥˊ,高-1818,1811
同胞,同胞,"tóngbāo  ",N,ㄊㄨㄥˊ　ㄅㄠ,高-1819,1812
同志,同志,"tóngzhì  ",N,ㄊㄨㄥˊ　ㄓˋ,高-1820,1813
銅,銅,"tóng ",N,ㄊㄨㄥˊ,高-1821,1814
桶,桶,"tǒng ",M,ㄊㄨㄥˇ,高-1822,1815
統計,統計,"tǒngjì  ",V,ㄊㄨㄥˇ　ㄐㄧˋ,高-1823,1816
統一,統一,"tǒngyī  ",Vs,ㄊㄨㄥˇ　ㄧ,高-1824,1817
統治,統治,"tǒngzhì  ",V,ㄊㄨㄥˇ　ㄓˋ,高-1825,1818
痛快(˙ㄎㄨㄞ),痛快(˙ㄎㄨㄞ),"tòngkuai ",Vs,ㄊㄨㄥˋ　˙ㄎㄨㄞ,高-1826,1819
偷/偷偷,偷,tōu/tōutōu,Adv,ㄊㄡ/ㄊㄡ　ㄊㄡ,高-1827,1820
頭,頭,tóu,M,ㄊㄡˊ,高-1828,1821
頭腦,頭腦,"tóunăo ",N,ㄊㄡˊ　ㄋㄠˇ,高-1829,1822
投票,投票,"tóupiào ",V-sep,ㄊㄡˊ　ㄆㄧㄠˋ,高-1830,1823
投入,投入,"tóurù  ",V,ㄊㄡˊ　ㄖㄨˋ,高-1831,1824
投降,投降,"tóuxiáng  ",Vi,ㄊㄡˊ　ㄒㄧㄤˊ,高-1832,1825
投資,投資,"tóuzī  ",N,ㄊㄡˊ　ㄗ,高-1833,1826
透,透,"tòu ",Vs,ㄊㄡˋ,高-1834,1827
透過,透過,"tòuguò ",Prep,ㄊㄡˋ　ㄍㄨㄛˋ,高-1835,1828
禿,禿,"tū ",Vs,ㄊㄨ,高-1836,1829
突出,突出,"túchū ",Vs,ㄊㄨˊ　ㄔㄨ,高-1837,1830
突破,突破,"túpò  ",N,ㄊㄨˊ　ㄆㄛˋ,高-1838,1831
突破,突破,"túpò  ",V,ㄊㄨˊ　ㄆㄛˋ,高-1839,1832
途徑,途徑,"tújìng ",N,ㄊㄨˊ　ㄐㄧㄥˋ,高-1840,1833
圖書,圖書,"túshū  ",N,ㄊㄨˊ　ㄕㄨ,高-1841,1834
圖章,圖章,"túzhāng  ",N,ㄊㄨˊ　ㄓㄤ,高-1842,1835
吐,吐,"tŭ ",V,ㄊㄨˇ,高-1843,1836
團,團,"tuán ",M,ㄊㄨㄢˊ,高-1844,1837
團結,團結,"tuánjié ",Vs,ㄊㄨㄢˊ　ㄐㄧㄝˊ,高-1845,1838
推動,推動,"tuīdòng ",V,ㄊㄨㄟ　ㄉㄨㄥˋ,高-1846,1839
推翻,推翻,"tuīfān ",V,ㄊㄨㄟ　ㄈㄢ,高-1847,1840
推廣,推廣,"tuīguăng ",V,ㄊㄨㄟ　ㄍㄨㄤˇ,高-1848,1841
退,退,"tuì ",Vpt,ㄊㄨㄟˋ,高-1849,1842
退出,退出,"tuìchū ",Vpt,ㄊㄨㄟˋ　ㄔㄨ,高-1850,1843
退回,退回,"tuìhuí ",Vpt,ㄊㄨㄟˋ　ㄏㄨㄟˊ,高-1851,1844
吞,吞,"tūn ",V,ㄊㄨㄣ,高-1852,1845
拖,拖,"tuō ",V,ㄊㄨㄛ,高-1853,1846
拖鞋,拖鞋,"tuōxié ",N,ㄊㄨㄛ　ㄒㄧㄝˊ,高-1854,1847
托兒所,托兒所,"tuōérsuŏ ",N,ㄊㄨㄛ　ㄦˊ　ㄙㄨㄛˇ,高-1855,1848
脫離,脫離,"tuōlí ",V,ㄊㄨㄛ　ㄌㄧˊ,高-1856,1849
妥當(˙ㄉㄤ),妥當(˙ㄉㄤ),tuǒdang,Vs,ㄊㄨㄛˇ　˙ㄉㄤ,高-1857,1850
妥善,妥善,"tuŏshàn ",Vs,ㄊㄨㄛˇ　ㄕㄢˋ,高-1858,1851
妥協,妥協,"tuŏxié ",Vi,ㄊㄨㄛˇ　ㄒㄧㄝˊ,高-1859,1852
哇,哇,"wā ",Ptc,ㄨㄚ,高-1860,1853
挖,挖,"wā ",V,ㄨㄚ,高-1861,1854
歪,歪,"wāi ",Vs,ㄨㄞ,高-1862,1855
外部,外部,"wàibù ",N,ㄨㄞˋ　ㄅㄨˋ,高-1863,1856
外出,外出,"wàichū ",Vi,ㄨㄞˋ　ㄔㄨ,高-1864,1857
外地,外地,"wàidì ",N,ㄨㄞˋ　ㄉㄧˋ,高-1865,1858
外觀,外觀,"wàiguān ",N,ㄨㄞˋ　ㄍㄨㄢ,高-1866,1859
外行,外行,"wàiháng ",Vs,ㄨㄞˋ　ㄏㄤˊ,高-1867,1860
外匯,外匯,"wàihuì ",N,ㄨㄞˋ　ㄏㄨㄟˋ,高-1868,1861
外交,外交,"wàijiāo ",N,ㄨㄞˋ　ㄐㄧㄠ,高-1869,1862
外界,外界,"wàijiè ",N,ㄨㄞˋ　ㄐㄧㄝˋ,高-1870,1863
外科,外科,"wàikē ",N,ㄨㄞˋ　ㄎㄜ,高-1871,1864
外頭(˙ㄊㄡ),外頭(˙ㄊㄡ),"wàitou ",N,ㄨㄞˋ　˙ㄊㄡ,高-1872,1865
彎,彎,"wān ",Vs,ㄨㄢ,高-1873,1866
彎腰,彎腰,"wānyāo ",V-sep,ㄨㄢㄧㄠ,高-1874,1867
完畢,完畢,"wánbì ",Vp,ㄨㄢˊ　ㄅㄧˋ,高-1875,1868
完善,完善,"wánshàn ",Vs,ㄨㄢˊ　ㄕㄢˋ,高-1876,1869
完整,完整,"wánzhěng ",Vs,ㄨㄢˊ　ㄓㄥˇ,高-1877,1870
玩笑,玩笑,"wánxiào ",N,ㄨㄢˊ　ㄒㄧㄠˋ,高-1878,1871
晚輩,晚輩,"wănbèi ",N,ㄨㄢˇ　ㄅㄟˋ,高-1879,1872
往,往,"wăng ",V,ㄨㄤˇ,高-1880,1873
望,望,"wàng ",V,ㄨㄤˋ,高-1881,1874
威脅,威脅,"wēixié ",N,ㄨㄟ　ㄒㄧㄝˊ,高-1882,1875
威脅,威脅,"wēixié ",V,ㄨㄟ　ㄒㄧㄝˊ,高-1883,1876
圍,圍,"wéi ",V,ㄨㄟˊ,高-1884,1877
違反,違反,"wéifăn ",Vst,ㄨㄟˊ　ㄈㄢˇ,高-1885,1878
維護,維護,"wéihù ",V,ㄨㄟˊ　ㄏㄨˋ,高-1886,1879
維他命,維他命,"wéitāmìng ",N,ㄨㄟˊ　ㄊㄚ　ㄇㄧㄥˋ,高-1887,1880
危機,危機,"wéijī ",N,ㄨㄟˊ　ㄐㄧ,高-1888,1881
為難,為難,"wéinán ",Vs,ㄨㄟˊ　ㄋㄢˊ,高-1889,1882
唯一,唯一,"wéiyī ",Vs-attr,ㄨㄟˊ　ㄧ,高-1890,1883
尾巴,尾巴,"wěiba ",N,ㄨㄟˇ　˙ㄅㄚ,高-1891,1884
委屈,委屈,"wěiqū ",Vs,ㄨㄟˇ　ㄑㄩ,高-1892,1885
委託,委託,"wěituō ",V,ㄨㄟˇ　ㄊㄨㄛ,高-1893,1886
委員,委員,"wěiyuán ",N,ㄨㄟˇ　ㄩㄢˊ,高-1894,1887
未,未,"wèi ",Adv,ㄨㄟˋ,高-1895,1888
未婚,未婚,"wèihūn ",Vs,ㄨㄟˋ　ㄏㄨㄣ,高-1896,1889
位於,位於,"wèiyú ",Vst,ㄨㄟˋ　ㄩˊ,高-1897,1890
味/味兒,味/味兒,wèi/wèir,N,"ㄨㄟˋ/ㄨㄟˋ  ㄦ",高-1898,1891
味精,味精,"wèijīng ",N,ㄨㄟˋ　ㄐㄧㄥ,高-1899,1892
為何,為何,"wèihé ",Adv,ㄨㄟˋ　ㄏㄜˊ,高-1900,1893
衛生,衛生,"wèishēng ",Vs,ㄨㄟˋ　ㄕㄥ,高-1901,1894
衛生紙,衛生紙,"wèishēngzhĭ ",N,ㄨㄟˋ　ㄕㄥ　ㄓˇ,高-1902,1895
衛星,衛星,"wèixīng ",N,ㄨㄟˋ　ㄒㄧㄥ,高-1903,1896
慰問,慰問,"wèiwèn ",V,ㄨㄟˋ　ㄨㄣˋ,高-1904,1897
溫和,溫和,"wēnhé ",Vs,ㄨㄣ　ㄏㄜˊ,高-1905,1898
文法,文法,"wénfă ",N,ㄨㄣˊ　ㄈㄚˇ,高-1906,1899
文具,文具,"wénjù ",N,ㄨㄣˊ　ㄐㄩˋ,高-1907,1900
文憑,文憑,"wénpíng ",N,ㄨㄣˊ　ㄆㄧㄥˊ,高-1908,1901
文物,文物,"wénwù ",N,ㄨㄣˊ　ㄨˋ,高-1909,1902
文藝,文藝,"wényì ",N,ㄨㄣˊ　ㄧˋ,高-1910,1903
蚊子,蚊子,"wénzi ",N,ㄨㄣˊ　˙ㄗ,高-1911,1904
吻,吻,"wěn ",N,ㄨㄣˇ,高-1912,1905
吻,吻,"wěn ",V,ㄨㄣˇ,高-1913,1906
穩,穩,"wěn ",Vs,ㄨㄣˇ,高-1914,1907
握,握,"wò ",V,ㄨㄛˋ,高-1915,1908
臥房,臥房,"wòfáng ",N,ㄨㄛˋ　ㄈㄤˊ,高-1916,1909
汙/污染,汙染,wūrăn,V,ㄨ　ㄖㄢˇ,高-1917,1910
無可奈何,無可奈何,"wúkěnàihé ",Vs,ㄨˊ　ㄎㄜˇ　ㄋㄞˋ　ㄏㄜˊ,高-1918,1911
無論,無論,"wúlùn ",Conj,ㄨˊ　ㄌㄨㄣˋ,高-1919,1912
無情,無情,"wúqíng ",Vs,ㄨˊ　ㄑㄧㄥˊ,高-1920,1913
無數,無數,"wúshù ",Det,ㄨˊ　ㄕㄨˋ,高-1921,1914
無限,無限,"wúxiàn ",Vs,ㄨˊ　ㄒㄧㄢˋ,高-1922,1915
無意,無意,"wúyì ",Vs,ㄨˊ　ㄧˋ,高-1923,1916
武器,武器,"wŭqì ",N,ㄨˇ　ㄑㄧˋ,高-1924,1917
武術,武術,"wŭshù ",N,ㄨˇ　ㄕㄨˋ,高-1925,1918
舞,舞,"wŭ ",N,ㄨˇ,高-1926,1919
舞蹈,舞蹈,"wŭdào ",N,ㄨˇ　ㄉㄠˋ,高-1927,1920
舞台/臺,舞臺,"wŭtái ",N,ㄨˇ　ㄊㄞˊ,高-1928,1921
舞廳,舞廳,"wŭtīng ",N,ㄨˇ　ㄊㄧㄥ,高-1929,1922
勿,勿,"wù ",Adv,ㄨˋ,高-1930,1923
物理,物理,"wùlǐ ",N,ㄨˋ　ㄌㄧˇ,高-1931,1924
物質,物質,"wùzhí ",N,ㄨˋ　ㄓˊ,高-1932,1925
誤,誤,"wù ",Adv,ㄨˋ,高-1933,1926
誤,誤,"wù ",Vst,ㄨˋ,高-1934,1927
誤點,誤點,"wùdiăn ",Vp,ㄨˋ　ㄉㄧㄢˇ,高-1935,1928
誤會,誤會,"wùhuì ",Vst,ㄨˋ　ㄏㄨㄟˋ,高-1936,1929
霧,霧,"wù ",N,ㄨˋ,高-1937,1930
西裝,西裝,"xīzhuāng ",N,ㄒㄧ　ㄓㄨㄤ,高-1938,1931
吸,吸,"xī ",V,ㄒㄧ,高-1939,1932
吸取,吸取,"xīqŭ ",V,ㄒㄧ　ㄑㄩˇ,高-1940,1933
吸食,吸食,"xīshí ",V,ㄒㄧ　ㄕˊ,高-1941,1934
吸菸,吸菸,"xīyān ",V-sep,ㄒㄧㄧㄢ,高-1942,1935
媳婦,媳婦,"xífù ",N,ㄒㄧˊ　ㄈㄨˋ,高-1943,1936
喜酒,喜酒,"xĭjiŭ ",N,ㄒㄧˇ　ㄐㄧㄡˇ,高-1944,1937
喜劇,喜劇,"xǐjù ",N,ㄒㄧˇ　ㄐㄩˋ,高-1945,1938
系列,系列,"xìliè  ",N,ㄒㄧˋ　ㄌㄧㄝˋ,高-1946,1939
細胞,細胞,"xìbāo  ",N,ㄒㄧˋ　ㄅㄠ,高-1947,1940
細節,細節,"xìjié  ",N,ㄒㄧˋ　ㄐㄧㄝˊ,高-1948,1941
細菌,細菌,"xìjùn  ",N,ㄒㄧˋ　ㄐㄩㄣˋ,高-1949,1942
細小,細小,"xìxiăo  ",Vs,ㄒㄧˋ　ㄒㄧㄠˇ,高-1950,1943
瞎,瞎,"xiā ",Vp,ㄒㄧㄚ,高-1951,1944
蝦(子),蝦,xiā(zi),N,ㄒㄧㄚ(˙ㄗ),高-1952,1945
蝦米(˙ㄇㄧ),蝦米(˙ㄇㄧ),xiāmi,N,ㄒㄧㄚ　˙ㄇㄧ,高-1953,1946
下巴(˙ㄅㄚ),下巴(˙ㄅㄚ),xiàba,N,ㄒㄧㄚˋ　˙ㄅㄚ,高-1954,1947
下降,下降,"xiàjiàng  ",Vp,ㄒㄧㄚˋ　ㄐㄧㄤˋ,高-1955,1948
下來,下來,"xiàlái  ",N,ㄒㄧㄚˋ　ㄌㄞˊ,高-1956,1949
下棋,下棋,"xiàqí  ",V-sep,ㄒㄧㄚˋ　ㄑㄧˊ,高-1957,1950
下去(˙ㄑㄩ),下去(˙ㄑㄩ),xiàqu,Ptc,ㄒㄧㄚˋ　˙ㄑㄩ,高-1958,1951
下午茶,下午茶,"xiàwŭchá  ",N,ㄒㄧㄚˋ　ㄨˇ　ㄔㄚˊ,高-1959,1952
下游,下游,"xiàyóu  ",N,ㄒㄧㄚˋ　ㄧㄡˊ,高-1960,1953
夏季,夏季,"xiàjì  ",N,ㄒㄧㄚˋ　ㄐㄧˋ,高-1961,1954
先進,先進,"xiānjìn ",Vs,ㄒㄧㄢ　ㄐㄧㄣˋ,高-1962,1955
鮮,鮮,"xiān ",Vs,ㄒㄧㄢ,高-1963,1956
鮮花,鮮花,"xiānhuā ",N,ㄒㄧㄢ　ㄏㄨㄚ,高-1964,1957
鮮奶,鮮奶,"xiānnăi ",N,ㄒㄧㄢ　ㄋㄞˇ,高-1965,1958
鮮血,鮮血,"xiānxiě ",N,ㄒㄧㄢ　ㄒㄧㄝˇ,高-1966,1959
閒,閒,"xián ",Vs,ㄒㄧㄢˊ,高-1967,1960
嫌,嫌,"xián ",Vst,ㄒㄧㄢˊ,高-1968,1961
顯得,顯得,"xiănde ",Vs,ㄒㄧㄢˇ　˙ㄉㄜ,高-1969,1962
顯然,顯然,"xiănrán ",Adv,ㄒㄧㄢˇ　ㄖㄢˊ,高-1970,1963
顯示,顯示,"xiănshì ",V,ㄒㄧㄢˇ　ㄕˋ,高-1971,1964
顯著,顯著,"xiănzhù ",Vs,ㄒㄧㄢˇ　ㄓㄨˋ,高-1972,1965
現,現,"xiàn ",Adv,ㄒㄧㄢˋ,高-1973,1966
現場,現場,"xiànchăng ",N,ㄒㄧㄢˋ　ㄔㄤˇ,高-1974,1967
現成,現成,"xiànchéng ",Vs-attr,ㄒㄧㄢˋ　ㄔㄥˊ,高-1975,1968
現金,現金,"xiànjīn ",N,ㄒㄧㄢˋ　ㄐㄧㄣ,高-1976,1969
羨慕,羨慕,"xiànmù ",Vst,ㄒㄧㄢˋ　ㄇㄨˋ,高-1977,1970
限制,限制,"xiànzhì ",V,ㄒㄧㄢˋ　ㄓˋ,高-1978,1971
相,相,"xiāng ",Adv,ㄒㄧㄤ,高-1979,1972
相處,相處,"xiāngchŭ ",Vi,ㄒㄧㄤ　ㄔㄨˇ,高-1980,1973
相當,相當,"xiāngdāng ",Vs,ㄒㄧㄤ　ㄉㄤ,高-1981,1974
相互,相互,"xiānghù ",Adv,ㄒㄧㄤ　ㄏㄨˋ,高-1982,1975
相親相愛,相親相愛,"xiāngqīnxiāngài ",Vs,ㄒㄧㄤ　ㄑㄧㄣ　ㄒㄧㄤ　ㄞˋ,高-1983,1976
相似,相似,"xiāngsì ",Vs,ㄒㄧㄤ　ㄙˋ,高-1984,1977
箱,箱,"xiāng ",M,ㄒㄧㄤ,高-1985,1978
香腸,香腸,"xiāngcháng ",N,ㄒㄧㄤ　ㄔㄤˊ,高-1986,1979
鄉村,鄉村,"xiāngcūn ",N,ㄒㄧㄤ　ㄘㄨㄣ,高-1987,1980
想不(˙ㄅㄨ)到,想不(˙ㄅㄨ)到,"xiăngbudào ",,ㄒㄧㄤˇ　˙ㄅㄨ　ㄉㄠˋ,高-1988,1981
想念,想念,"xiăngniàn ",Vst,ㄒㄧㄤˇ　ㄋㄧㄢˋ,高-1989,1982
享受,享受,"xiăngshòu ",Vst,ㄒㄧㄤˇ　ㄕㄡˋ,高-1990,1983
享有,享有,"xiăngyŏu ",Vst,ㄒㄧㄤˇ　ㄧㄡˇ,高-1991,1984
響應,響應,"xiăngyìng ",V,ㄒㄧㄤˇ　ㄧㄥˋ,高-1992,1985
象,象,"xiàng ",N,ㄒㄧㄤˋ,高-1993,1986
相片/相片兒,相片/相片兒,xiàngpiàn/xiàngpiànr,N,ㄒㄧㄤˋㄆㄧㄢˋ/ㄒㄧㄤˋㄆㄧㄢˋㄦ,高-1994,1987
相親,相親,"xiàngqīn ",V-sep,ㄒㄧㄤˋ　ㄑㄧㄣ,高-1995,1988
巷(子),巷,xiàng(zi),N,ㄒㄧㄤˋ(˙ㄗ),高-1996,1989
向來,向來,"xiànglái ",Adv,ㄒㄧㄤˋ　ㄌㄞˊ,高-1997,1990
項目,項目,"xiàngmù ",N,ㄒㄧㄤˋ　ㄇㄨˋ,高-1998,1991
消,消,"xiāo ",Vp,ㄒㄧㄠ,高-1999,1992
消除,消除,"xiāochú ",V,ㄒㄧㄠ　ㄔㄨˊ,高-2000,1993
消費,消費,"xiāofèi ",N,ㄒㄧㄠ　ㄈㄟˋ,高-2001,1994
消費,消費,"xiāofèi ",V,ㄒㄧㄠ　ㄈㄟˋ,高-2002,1995
消化,消化,"xiāohuà ",V,ㄒㄧㄠ　ㄏㄨㄚˋ,高-2003,1996
消極,消極,"xiāojí ",Vs,ㄒㄧㄠ　ㄐㄧˊ,高-2004,1997
消滅,消滅,"xiāomiè ",Vpt,ㄒㄧㄠ　ㄇㄧㄝˋ,高-2005,1998
消失,消失,"xiāoshī ",Vp,ㄒㄧㄠ　ㄕ,高-2006,1999
消/宵夜,消夜,"xiāoyè ",N,ㄒㄧㄠ　ㄧㄝˋ,高-2007,2000
銷路,銷路,"xiāolù ",N,ㄒㄧㄠ　ㄌㄨˋ,高-2008,2001
銷售,銷售,"xiāoshòu ",V,ㄒㄧㄠ　ㄕㄡˋ,高-2009,2002
小便,小便,"xiăobiàn ",Vi,ㄒㄧㄠˇ　ㄅㄧㄢˋ,高-2010,2003
小費,小費,"xiăofèi ",N,ㄒㄧㄠˇ　ㄈㄟˋ,高-2011,2004
小麥,小麥,"xiăomài ",N,ㄒㄧㄠˇ　ㄇㄞˋ,高-2012,2005
小氣,小氣,"xiăoqì ",Vs,ㄒㄧㄠˇ　ㄑㄧˋ,高-2013,2006
小腿,小腿,"xiăotuǐ ",N,ㄒㄧㄠˇ　ㄊㄨㄟˇ,高-2014,2007
小子,小子,"xiăozi ",N,ㄒㄧㄠˇ　˙ㄗ,高-2015,2008
曉得,曉得,"xiăode ",Vst,ㄒㄧㄠˇ　˙ㄉㄜ,高-2016,2009
校車,校車,"xiàochē ",N,ㄒㄧㄠˋㄔㄜ,高-2017,2010
校友,校友,"xiàoyŏu ",N,ㄒㄧㄠˋ　ㄧㄡˇ,高-2018,2011
效率,效率,"xiàolǜ ",N,ㄒㄧㄠˋ　ㄌㄩˋ,高-2019,2012
笑容,笑容,"xiàoróng ",N,ㄒㄧㄠˋ　ㄖㄨㄥˊ,高-2020,2013
歇,歇,"xiē ",Vi,ㄒㄧㄝ,高-2021,2014
斜,斜,"xié ",Vs,ㄒㄧㄝˊ,高-2022,2015
血管,血管,"xiěguăn ",N,ㄒㄧㄝˇ　ㄍㄨㄢˇ,高-2023,2016
血型,血型,"xiěxíng ",N,ㄒㄧㄝˇ　ㄒㄧㄥˊ,高-2024,2017
血液,血液,"xiěyè ",N,ㄒㄧㄝˇ　ㄧㄝˋ,高-2025,2018
心靈,心靈,"xīnlíng ",N,ㄒㄧㄣ　ㄌㄧㄥˊ,高-2026,2019
心目中,心目中,"xīnmùzhōng ",N,ㄒㄧㄣㄇㄨˋㄓㄨㄥ,高-2027,2020
心聲,心聲,"xīnshēng ",N,ㄒㄧㄣ　ㄕㄥ,高-2028,2021
心跳,心跳,"xīntiào ",N,ㄒㄧㄣ　ㄊㄧㄠˋ,高-2029,2022
心臟,心臟,"xīnzàng ",N,ㄒㄧㄣ　ㄗㄤˋ,高-2030,2023
新郎,新郎,"xīnláng ",N,ㄒㄧㄣ　ㄌㄤˊ,高-2031,2024
新娘,新娘,"xīnniáng ",N,ㄒㄧㄣ　ㄋㄧㄤˊ,高-2032,2025
新式,新式,"xīnshì ",Vs-attr,ㄒㄧㄣ　ㄕˋ,高-2033,2026
新興,新興,"xīnxīng ",Vs-attr,ㄒㄧㄣ　ㄒㄧㄥ,高-2034,2027
薪水,薪水,"xīnshuĭ ",N,ㄒㄧㄣ　ㄕㄨㄟˇ,高-2035,2028
信號,信號,"xìnhào ",N,ㄒㄧㄣˋ　ㄏㄠˋ,高-2036,2029
信任,信任,"xìnrèn ",Vst,ㄒㄧㄣˋ　ㄖㄣˋ,高-2037,2030
信仰,信仰,"xìnyăng ",N,ㄒㄧㄣˋ　ㄧㄤˇ,高-2038,2031
信仰,信仰,"xìnyăng ",Vst,ㄒㄧㄣˋ　ㄧㄤˇ,高-2039,2032
信用,信用,"xìnyòng ",N,ㄒㄧㄣˋ　ㄩㄥˋ,高-2040,2033
星光,星光,"xīngguāng ",N,ㄒㄧㄥ　ㄍㄨㄤ,高-2041,2034
行程,行程,"xíngchéng ",N,ㄒㄧㄥˊ　ㄔㄥˊ,高-2042,2035
行動,行動,"xíngdòng ",Vi,ㄒㄧㄥˊ　ㄉㄨㄥˋ,高-2043,2036
行人,行人,"xíngrén ",N,ㄒㄧㄥˊ　ㄖㄣˊ,高-2044,2037
形成,形成,"xíngchéng ",Vpt,ㄒㄧㄥˊ　ㄔㄥˊ,高-2045,2038
形式,形式,"xíngshì ",N,ㄒㄧㄥˊ　ㄕˋ,高-2046,2039
形象,形象,"xíngxiàng ",N,ㄒㄧㄥˊ　ㄒㄧㄤˋ,高-2047,2040
形狀,形狀,"xíngzhuàng ",N,ㄒㄧㄥˊ　ㄓㄨㄤˋ,高-2048,2041
性質,性質,"xìngzhí ",N,ㄒㄧㄥˋ　ㄓˊ,高-2049,2042
雄偉,雄偉,"xióngwěi ",Vs,ㄒㄩㄥˊ　ㄨㄟˇ,高-2050,2043
休假,休假,"xiūjià ",V-sep,ㄒㄧㄡ　ㄐㄧㄚˋ,高-2051,2044
休閒,休閒,"xiūxián  ",Vi,ㄒㄧㄡ　ㄒㄧㄢˊ,高-2052,2045
修正,修正,"xiūzhèng  ",V,ㄒㄧㄡ　ㄓㄥˋ,高-2053,2046
需,需,"xū ",Vst,ㄒㄩ,高-2054,2047
須知,須知,"xūzhī  ",N,ㄒㄩ　ㄓ,高-2055,2048
許,許,"xŭ ",V,ㄒㄩˇ,高-2056,2049
許願,許願,"xŭyuàn  ",V-sep,ㄒㄩˇ　ㄩㄢˋ,高-2057,2050
宣布/佈,宣布,xuānbù,V,ㄒㄩㄢ　ㄅㄨˋ,高-2058,2051
宣傳,宣傳,"xuānchuán ",N,ㄒㄩㄢ　ㄔㄨㄢˊ,高-2059,2052
宣傳,宣傳,"xuānchuán ",V,ㄒㄩㄢ　ㄔㄨㄢˊ,高-2060,2053
懸,懸,"xuán ",V,ㄒㄩㄢˊ,高-2061,2054
選手,選手,"xuănshŏu ",N,ㄒㄩㄢˇ　ㄕㄡˇ,高-2062,2055
靴(子),靴,xuē(zi),N,ㄒㄩㄝ,高-2063,2056
學會,學會,"xuéhuì ",N,ㄒㄩㄝˊ　ㄏㄨㄟˋ,高-2064,2057
學歷,學歷,"xuélì ",N,ㄒㄩㄝˊ　ㄌㄧˋ,高-2065,2058
學術,學術,"xuéshù ",N,ㄒㄩㄝˊ　ㄕㄨˋ,高-2066,2059
學位,學位,"xuéwèi ",N,ㄒㄩㄝˊ　ㄨㄟˋ,高-2067,2060
學業,學業,"xuéyè ",N,ㄒㄩㄝˊ　ㄧㄝˋ,高-2068,2061
學者,學者,"xuézhě ",N,ㄒㄩㄝˊ　ㄓㄜˇ,高-2069,2062
雪花,雪花,"xuěhuā ",N,ㄒㄩㄝˇ　ㄏㄨㄚ,高-2070,2063
削減,削減,"xuèjiăn ",V,ㄒㄩㄝˋ　ㄐㄧㄢˇ,高-2071,2064
尋,尋,"xún ",V,ㄒㄩㄣˊ,高-2072,2065
循環,循環,"xúnhuán ",Vi,ㄒㄩㄣˊ　ㄏㄨㄢˊ,高-2073,2066
迅速,迅速,"xùnsù ",Vs,ㄒㄩㄣˋ　ㄙㄨˋ,高-2074,2067
壓,壓,"yā ",V,ㄧㄚ,高-2075,2068
壓力,壓力,"yālì ",N,ㄧㄚ　ㄌㄧˋ,高-2076,2069
壓迫,壓迫,"yāpò ",V,ㄧㄚ　ㄆㄛˋ,高-2077,2070
牙膏,牙膏,"yágāo ",N,ㄧㄚˊ　ㄍㄠ,高-2078,2071
煙/菸,煙,yān,N,ㄧㄢ,高-2079,2072
沿,沿,"yán ",Prep,ㄧㄢˊ,高-2080,2073
嚴,嚴,"yán ",Vs,ㄧㄢˊ,高-2081,2074
嚴格,嚴格,"yángé ",Vs,ㄧㄢˊ　ㄍㄜˊ,高-2082,2075
嚴肅,嚴肅,"yánsù ",Vs,ㄧㄢˊ　ㄙㄨˋ,高-2083,2076
鹽巴,鹽巴,"yánbā ",N,ㄧㄢˊ　ㄅㄚ,高-2084,2077
延長,延長,"yáncháng ",V,ㄧㄢˊ　ㄔㄤˊ,高-2085,2078
癌症,癌症,"áizhèng ",N,ㄞˊ　ㄓㄥˋ,高-2086,2079
演唱,演唱,"yănchàng ",V,ㄧㄢˇ　ㄔㄤˋ,高-2087,2080
演奏,演奏,"yănzòu ",V,ㄧㄢˇ　ㄗㄡˋ,高-2088,2081
掩蓋,掩蓋,"yăngài ",V,ㄧㄢˇ　ㄍㄞˋ,高-2089,2082
宴會,宴會,"yànhuì ",N,ㄧㄢˋ　ㄏㄨㄟˋ,高-2090,2083
厭惡,厭惡,"yànwù ",Vs,ㄧㄢˋ　ㄨˋ,高-2091,2084
癢,癢,"yăng ",Vs,ㄧㄤˇ,高-2092,2085
氧氣,氧氣,"yăngqì ",N,ㄧㄤˇ　ㄑㄧˋ,高-2093,2086
樣品,樣品,"yàngpĭn ",N,ㄧㄤˋ　ㄆㄧㄣˇ,高-2094,2087
喲,喲,"yāo ",Ptc,ㄧㄠ,高-2095,2088
腰,腰,"yāo ",N,ㄧㄠ,高-2096,2089
搖,搖,"yáo ",V,ㄧㄠˊ,高-2097,2090
搖擺,搖擺,"yáobăi ",V,ㄧㄠˊ　ㄅㄞˇ,高-2098,2091
搖頭,搖頭,"yáotóu ",V-sep,ㄧㄠˊ　ㄊㄡˊ,高-2099,2092
要不,要不,"yàobù ",Conj,ㄧㄠˋ　ㄅㄨˋ,高-2100,2093
要好,要好,"yàohăo ",Vs,ㄧㄠˋ　ㄏㄠˇ,高-2101,2094
要命,要命,"yàomìng ",Vs,ㄧㄠˋ　ㄇㄧㄥˋ,高-2102,2095
藥方,藥方,"yàofāng ",N,ㄧㄠˋ　ㄈㄤ,高-2103,2096
藥水,藥水,"yàoshuĭ ",N,ㄧㄠˋ　ㄕㄨㄟˇ,高-2104,2097
藥物,藥物,"yàowù ",N,ㄧㄠˋ　ㄨˋ,高-2105,2098
野,野,"yě ",Vs,ㄧㄝˇ,高-2106,2099
野獸,野獸,"yěshòu ",N,ㄧㄝˇ　ㄕㄡˋ,高-2107,2100
野心,野心,"yěxīn ",N,ㄧㄝˇ　ㄒㄧㄣ,高-2108,2101
夜景,夜景,"yèjǐng ",N,ㄧㄝˋ　ㄐㄧㄥˇ,高-2109,2102
夜晚,夜晚,"yèwăn ",N,ㄧㄝˋ　ㄨㄢˇ,高-2110,2103
業務,業務,"yèwù ",N,ㄧㄝˋ　ㄨˋ,高-2111,2104
業餘,業餘,"yèyú ",Vs-attr,ㄧㄝˋ　ㄩˊ,高-2112,2105
葉子,葉子,"yèzi ",N,ㄧㄝˋ　˙ㄗ,高-2113,2106
一一,一一,"yīyī ",Adv,ㄧ　ㄧ,高-2114,2107
衣裳,衣裳,"yīshang ",N,ㄧ　˙ㄕㄤ,高-2115,2108
依據,依據,"yījù ",N,ㄧ　ㄐㄩˋ,高-2116,2109
依然,依然,"yīrán ",Adv,ㄧ　ㄖㄢˊ,高-2117,2110
醫,醫,"yī ",V,ㄧ,高-2118,2111
醫師,醫師,"yīshī ",N,ㄧ　ㄕ,高-2119,2112
醫學,醫學,"yīxué ",N,ㄧ　ㄒㄩㄝˊ,高-2120,2113
一帶,一帶,"yīdài ",N,ㄧ　ㄉㄞˋ,高-2121,2114
一旦,一旦,"yīdàn ",Conj,ㄧ　ㄉㄢˋ,高-2122,2115
一大早,一大早,"yīdàzăo ",N,ㄧ　ㄉㄚˋ　ㄗㄠˇ,高-2123,2116
一面,一面,"yīmiàn ",Adv,ㄧ　ㄇㄧㄢˋ,高-2124,2117
一再,一再,"yīzài ",Adv,ㄧ　ㄗㄞˋ,高-2125,2118
一致,一致,"yīzhì ",Vs,ㄧ　ㄓˋ,高-2126,2119
移,移,"yí ",V,ㄧˊ,高-2127,2120
移動,移動,"yídòng ",V,ㄧˊ　ㄉㄨㄥˋ,高-2128,2121
移民,移民,"yímín ",Vp,ㄧˊ　ㄇㄧㄣˊ,高-2129,2122
疑問,疑問,"yíwèn ",N,ㄧˊ　ㄨㄣˋ,高-2130,2123
儀器,儀器,"yíqì ",N,ㄧˊ　ㄑㄧˋ,高-2131,2124
儀式,儀式,"yíshì ",N,ㄧˊ　ㄕˋ,高-2132,2125
乙,乙,yĭ,N,ㄧˇ,高-2133,2126
已婚,已婚,yĭhūn,Vs,ㄧˇ　ㄏㄨㄣ,高-2134,2127
以,以,yĭ,Conj,ㄧˇ,高-2135,2128
以便,以便,"yĭbiàn ",Conj,ㄧˇ　ㄅㄧㄢˋ,高-2136,2129
以及,以及,"yĭjí ",Conj,ㄧˇ　ㄐㄧˊ,高-2137,2130
以往,以往,"yĭwăng ",N,ㄧˇ　ㄨㄤˇ,高-2138,2131
一般而言,一般而言,"yībānéryán ",Conj,ㄧ　ㄅㄢ　ㄦˊ　ㄧㄢˊ,高-2139,2132
一口氣,一口氣,"yīkŏuqì ",Adv,ㄧ　ㄎㄡˇ　ㄑㄧˋ,高-2140,2133
一旁,一旁,"yīpáng ",N,ㄧ　ㄆㄤˊ,高-2141,2134
一齊,一齊,"yīqí ",Adv,ㄧ　ㄑㄧˊ,高-2142,2135
一天到晚,一天到晚,"yītiāndàowăn ",Adv,ㄧ　ㄊㄧㄢ　ㄉㄠˋ　ㄨㄢˇ,高-2143,2136
易,易,"yì ",Vs,ㄧˋ,高-2144,2137
意識,意識,"yìshì ",N,ㄧˋ　ㄕˋ,高-2145,2138
意外,意外,"yìwài ",Vs,ㄧˋ　ㄨㄞˋ,高-2146,2139
意願,意願,yìyuàn,N,ㄧˋ　ㄩㄢˋ,高-2147,2140
意志,意志,"yìzhì ",N,ㄧˋ　ㄓˋ,高-2148,2141
億,億,"yì ",N,ㄧˋ,高-2149,2142
義務,義務,"yìwù ",N,ㄧˋ　ㄨˋ,高-2150,2143
議會,議會,"yìhuì ",N,ㄧˋ　ㄏㄨㄟˋ,高-2151,2144
因而,因而,"yīnér ",Conj,ㄧㄣ　ㄦˊ,高-2152,2145
因素,因素,"yīnsù ",N,ㄧㄣ　ㄙㄨˋ,高-2153,2146
銀,銀,"yín ",N,ㄧㄣˊ,高-2154,2147
引發,引發,"yĭnfā ",V,ㄧㄣˇ　ㄈㄚ,高-2155,2148
飲,飲,"yĭn ",V,ㄧㄣˇ,高-2156,2149
飲食,飲食,"yĭnshí ",N,ㄧㄣˇ　ㄕˊ,高-2157,2150
印,印,"yìn ",V,ㄧㄣˋ,高-2158,2151
印刷,印刷,"yìnshuā ",Vi,ㄧㄣˋ　ㄕㄨㄚ,高-2159,2152
印象,印象,"yìnxiàng ",N,ㄧㄣˋ　ㄒㄧㄤˋ,高-2160,2153
印章,印章,"yìnzhāng ",N,ㄧㄣˋ　ㄓㄤ,高-2161,2154
應當,應當,"yīngdāng ",Adv,ㄧㄥ　ㄉㄤ,高-2162,2155
嬰兒,嬰兒,"yīngér ",N,ㄧㄥ　ㄦˊ,高-2163,2156
英雄,英雄,"yīngxióng ",N,ㄧㄥ　ㄒㄩㄥˊ,高-2164,2157
贏得,贏得,"yíngdé ",Vpt,ㄧㄥˊ　ㄉㄜˊ,高-2165,2158
迎接,迎接,"yíngjiē ",V,ㄧㄥˊ　ㄐㄧㄝ,高-2166,2159
營養,營養,"yíngyăng ",Vs,ㄧㄥˊ　ㄧㄤˇ,高-2167,2160
營業,營業,"yíngyè ",Vi,ㄧㄥˊ　ㄧㄝˋ,高-2168,2161
影本,影本,"yĭngběn ",N,ㄧㄥˇ　ㄅㄣˇ,高-2169,2162
影印,影印,"yĭngyìn ",V,ㄧㄥˇ　ㄧㄣˋ,高-2170,2163
影子,影子,"yĭngzi ",N,ㄧㄥˇ　˙ㄗ,高-2171,2164
硬,硬,"yìng ",Vs,ㄧㄥˋ,高-2172,2165
應付,應付,"yìngfù ",V,ㄧㄥˋ　ㄈㄨˋ,高-2173,2166
應邀,應邀,"yìngyāo ",Vi,ㄧㄥˋ　ㄧㄠ,高-2174,2167
應用,應用,"yìngyòng ",V,ㄧㄥˋ　ㄩㄥˋ,高-2175,2168
擁抱,擁抱,"yŏngbào ",V,ㄩㄥˇ　ㄅㄠˋ,高-2176,2169
擁護,擁護,"yŏnghù ",V,ㄩㄥˇ　ㄏㄨˋ,高-2177,2170
擁擠,擁擠,"yŏngjĭ ",Vs,ㄩㄥˇ　ㄐㄧˇ,高-2178,2171
勇氣,勇氣,"yŏngqì ",N,ㄩㄥˇ　ㄑㄧˋ,高-2179,2172
用不著,用不著,yòngbùzháo,Adv,ㄩㄥˋ　ㄅㄨˋ　ㄓㄠˊ,高-2180,2173
用處(˙ㄔㄨ),用處(˙ㄔㄨ),yòngchu,N,ㄩㄥˋ　˙ㄔㄨ,高-2181,2174
用得著,用得著,yòngdezháo,Vs,ㄩㄥˋㄉㄜ˙ㄓㄠˊ,高-2182,2175
用具,用具,"yòngjù ",N,ㄩㄥˋ　ㄐㄩˋ,高-2183,2176
用力,用力,"yònglì ",Vs-sep,ㄩㄥˋ　ㄌㄧˋ,高-2184,2177
用心,用心,"yòngxīn ",Vs-sep,ㄩㄥˋ　ㄒㄧㄣ,高-2185,2178
憂鬱,憂鬱,"yōuyù ",Vs,ㄧㄡ　ㄩˋ,高-2186,2179
優惠,優惠,"yōuhuì ",Vs,ㄧㄡ　ㄏㄨㄟˋ,高-2187,2180
優良,優良,"yōuliáng ",Vs,ㄧㄡ　ㄌㄧㄤˊ,高-2188,2181
優美,優美,"yōuměi ",Vs,ㄧㄡ　ㄇㄟˇ,高-2189,2182
優越,優越,"yōuyuè ",Vs,ㄧㄡ　ㄩㄝˋ,高-2190,2183
由,由,"yóu ",Prep,ㄧㄡˊ,高-2191,2184
油,油,"yóu ",Vs,ㄧㄡˊ,高-2192,2185
油膩,油膩,"yóunì ",Vs,ㄧㄡˊ　ㄋㄧˋ,高-2193,2186
游,游,"yóu ",Vi,ㄧㄡˊ,高-2194,2187
郵差,郵差,"yóuchāi ",N,ㄧㄡˊ　ㄔㄞ,高-2195,2188
郵件,郵件,"yóujiàn ",N,ㄧㄡˊ　ㄐㄧㄢˋ,高-2196,2189
遊戲,遊戲,"yóuxì ",N,ㄧㄡˊ　ㄒㄧˋ,高-2197,2190
遊戲,遊戲,"yóuxì ",Vi,ㄧㄡˊ　ㄒㄧˋ,高-2198,2191
遊行,遊行,"yóuxíng ",Vi,ㄧㄡˊ　ㄒㄧㄥˊ,高-2199,2192
猶豫,猶豫,"yóuyù ",Vs,ㄧㄡˊ　ㄩˋ,高-2200,2193
友好,友好,"yŏuhăo ",Vs,ㄧㄡˇ　ㄏㄠˇ,高-2201,2194
有關,有關,"yŏuguān ",Prep,ㄧㄡˇ　ㄍㄨㄢ,高-2202,2195
有關,有關,"yŏuguān ",Vs,ㄧㄡˇ　ㄍㄨㄢ,高-2203,2196
有力,有力,"yŏulì ",Vs,ㄧㄡˇ　ㄌㄧˋ,高-2204,2197
有利,有利,"yŏulì ",Vs,ㄧㄡˇ　ㄌㄧˋ,高-2205,2198
有些,有些,"yŏuxiē ",Adv,ㄧㄡˇ　ㄒㄧㄝ,高-2206,2199
有些,有些,"yŏuxiē ",Det,ㄧㄡˇ　ㄒㄧㄝ,高-2207,2200
娛樂,娛樂,"yúlè ",N,ㄩˊ　ㄌㄜˋ,高-2208,2201
語調,語調,"yŭdiào ",N,ㄩˇ　ㄉㄧㄠˋ,高-2209,2202
語氣,語氣,"yŭqì ",N,ㄩˇ　ㄑㄧˋ,高-2210,2203
語音,語音,"yŭyīn ",N,ㄩˇ　ㄧㄣ,高-2211,2204
與其,與其,"yŭqí ",Conj,ㄩˇ　ㄑㄧˊ,高-2212,2205
遇,遇,"yù ",Vst,ㄩˋ,高-2213,2206
遇見,遇見,"yùjiàn ",Vpt,ㄩˋ　ㄐㄧㄢˋ,高-2214,2207
預報,預報,"yùbào ",N,ㄩˋ　ㄅㄠˋ,高-2215,2208
預定,預定,"yùdìng ",V,ㄩˋ　ㄉㄧㄥˋ,高-2216,2209
預訂,預訂,"yùdìng ",V,ㄩˋ　ㄉㄧㄥˋ,高-2217,2210
預計,預計,"yùjì ",Vaux,ㄩˋ　ㄐㄧˋ,高-2218,2211
預算,預算,"yùsuàn ",N,ㄩˋ　ㄙㄨㄢˋ,高-2219,2212
預先,預先,"yùxiān ",Adv,ㄩˋ　ㄒㄧㄢ,高-2220,2213
冤枉,冤枉,"yuānwăng ",Vs,ㄩㄢ　ㄨㄤˇ,高-2221,2214
冤枉,冤枉,"yuānwăng ",Vst,ㄩㄢ　ㄨㄤˇ,高-2222,2215
元旦,元旦,"yuándàn ",N,ㄩㄢˊ　ㄉㄢˋ,高-2223,2216
原來,原來,"yuánlái ",Vs-attr,ㄩㄢˊ　ㄌㄞˊ,高-2224,2217
原理,原理,"yuánlĭ ",N,ㄩㄢˊ　ㄌㄧˇ,高-2225,2218
原料,原料,"yuánliào ",N,ㄩㄢˊ　ㄌㄧㄠˋ,高-2226,2219
原始,原始,"yuánshĭ ",Vs,ㄩㄢˊ　ㄕˇ,高-2227,2220
原先,原先,"yuánxiān ",Adv,ㄩㄢˊ　ㄒㄧㄢ,高-2228,2221
原則,原則,"yuánzé ",N,ㄩㄢˊ　ㄗㄜˊ,高-2229,2222
原則上,原則上,"yuánzéshàng ",Adv,ㄩㄢˊㄗㄜˊㄕㄤˋ,高-2230,2223
原子筆,原子筆,"yuánzĭbĭ ",N,ㄩㄢˊ　ㄗˇ　ㄅㄧˇ,高-2231,2224
圓滿,圓滿,"yuánmăn ",Vs,ㄩㄢˊ　ㄇㄢˇ,高-2232,2225
圓形,圓形,"yuánxíng ",N,ㄩㄢˊ　ㄒㄧㄥˊ,高-2233,2226
緣故,緣故,"yuángù ",N,ㄩㄢˊ　ㄍㄨˋ,高-2234,2227
遠大,遠大,"yuăndà ",Vs,ㄩㄢˇ　ㄉㄚˋ,高-2235,2228
願,願,"yuàn ",Vst,ㄩㄢˋ,高-2236,2229
月分,月分,"yuèfèn ",N,ㄩㄝˋㄈㄣˋ,高-2237,2230
月光,月光,"yuèguāng ",N,ㄩㄝˋ　ㄍㄨㄤ,高-2238,2231
月球,月球,"yuèqiú ",N,ㄩㄝˋ　ㄑㄧㄡˊ,高-2239,2232
暈,暈,"yūn ",Vs,ㄩㄣ,高-2240,2233
允許,允許,"yŭnxŭ ",V,ㄩㄣˇ　ㄒㄩˇ,高-2241,2234
運輸,運輸,"yùnshū ",V,ㄩㄣˋ　ㄕㄨ,高-2242,2235
運送,運送,"yùnsòng ",V,ㄩㄣˋ　ㄙㄨㄥˋ,高-2243,2236
運用,運用,"yùnyòng ",V,ㄩㄣˋ　ㄩㄥˋ,高-2244,2237
運轉,運轉,"yùnzhuăn ",Vi,ㄩㄣˋ　ㄓㄨㄢˇ,高-2245,2238
砸,砸,"zá ",V,ㄗㄚˊ,高-2246,2239
雜,雜,"zá ",Vs,ㄗㄚˊ,高-2247,2240
災害,災害,"zāihài ",N,ㄗㄞ　ㄏㄞˋ,高-2248,2241
災難,災難,"zāinàn ",N,ㄗㄞ　ㄋㄢˋ,高-2249,2242
在乎,在乎,"zàihū ",Vst,ㄗㄞˋ　ㄏㄨ,高-2251,2243
再度,再度,"zàidù ",Adv,ㄗㄞˋ　ㄉㄨˋ,高-2252,2244
再說,再說,"zàishuō ",Conj,ㄗㄞˋ　ㄕㄨㄛ,高-2253,2245
載,載,"zài ",V,ㄗㄞˋ,高-2254,2246
咱們,咱們,"zánmen ",N,ㄗㄢˊ　˙ㄇㄣ,高-2255,2247
贊成,贊成,"zànchéng ",Vst,ㄗㄢˋ　ㄔㄥˊ,高-2256,2248
贊同,贊同,"zàntóng ",Vst,ㄗㄢˋ　ㄊㄨㄥˊ,高-2257,2249
讚美,讚美,"zànměi ",V,ㄗㄢˋ　ㄇㄟˇ,高-2258,2250
葬禮,葬禮,zànglĭ,N,ㄗㄤˋ　ㄌㄧˇ,高-2259,2251
糟,糟,"zāo ",Vs,ㄗㄠ,高-2260,2252
糟糕,糟糕,"zāogāo ",Vs,ㄗㄠ　ㄍㄠ,高-2261,2253
遭到,遭到,"zāodào ",Vpt,ㄗㄠㄉㄠˋ,高-2262,2254
遭受,遭受,"zāoshòu ",Vst,ㄗㄠ　ㄕㄡˋ,高-2263,2255
遭遇,遭遇,"zāoyù ",N,ㄗㄠ　ㄩˋ,高-2264,2256
早晨,早晨,"zăochén ",N,ㄗㄠˇ　ㄔㄣˊ,高-2265,2257
早點,早點,"zăodiăn ",Adv,ㄗㄠˇ　ㄉㄧㄢˇ,高-2266,2258
早點,早點,"zăodiăn ",N,ㄗㄠˇ　ㄉㄧㄢˇ,高-2267,2259
早晚,早晚,"zǎowǎn ",Adv,ㄗㄠˇ　ㄨㄢˇ,高-2268,2260
早已,早已,"zăoyĭ ",Adv,ㄗㄠˇ　ㄧˇ,高-2269,2261
造,造,"zào ",V,ㄗㄠˋ,高-2270,2262
造句,造句,"zàojù ",V-sep,ㄗㄠˋ　ㄐㄩˋ,高-2271,2263
則,則,"zé ",Adv,ㄗㄜˊ,高-2272,2264
則,則,"zé ",M,ㄗㄜˊ,高-2273,2265
怎,怎,"zěn ",Adv,ㄗㄣˇ,高-2274,2266
增長,增長,"zēngzhăng ",Vst,ㄗㄥ　ㄓㄤˇ,高-2275,2267
贈品,贈品,"zèngpĭn ",N,ㄗㄥˋ　ㄆㄧㄣˇ,高-2276,2268
贈送,贈送,"zèngsòng ",V,ㄗㄥˋ　ㄙㄨㄥˋ,高-2277,2269
窄,窄,"zhăi ",Vs,ㄓㄞˇ,高-2278,2270
展出,展出,"zhănchū ",V,ㄓㄢˇ　ㄔㄨ,高-2279,2271
展開,展開,"zhănkāi ",V,ㄓㄢˇ　ㄎㄞ,高-2280,2272
展覽,展覽,"zhănlăn ",N,ㄓㄢˇ　ㄌㄢˇ,高-2281,2273
展覽,展覽,"zhănlăn ",V,ㄓㄢˇ　ㄌㄢˇ,高-2282,2274
展示,展示,"zhănshì ",V,ㄓㄢˇ　ㄕˋ,高-2283,2275
占/佔,占,"zhàn ",V,ㄓㄢˋ,高-2284,2276
占/佔,占,"zhàn ",Vst,ㄓㄢˋ,高-2285,2277
占/佔有,占有,"zhànyŏu ",Vst,ㄓㄢˋ　ㄧㄡˇ,高-2286,2278
站住,站住,"zhànzhù ",Vi,ㄓㄢˋ　ㄓㄨˋ,高-2287,2279
戰場,戰場,"zhànchăng ",N,ㄓㄢˋ　ㄔㄤˇ,高-2288,2280
張,張,"zhāng ",V,ㄓㄤ,高-2289,2281
章,章,"zhāng ",M,ㄓㄤ,高-2290,2282
長,長,"zhǎng ",Vst,ㄓㄤˇ,高-2291,2283
長輩,長輩,zhǎngbèi,N,ㄓㄤˇ　ㄅㄟˋ,高-2292,2284
漲,漲,"zhăng ",Vp,ㄓㄤˇ,高-2293,2285
漲價,漲價,"zhăngjià ",Vp-sep,ㄓㄤˇ　ㄐㄧㄚˋ,高-2294,2286
掌聲,掌聲,"zhăngshēng ",N,ㄓㄤˇ　ㄕㄥ,高-2295,2287
帳單,帳單,"zhàngdān ",N,ㄓㄤˋ　ㄉㄢ,高-2296,2288
丈夫,丈夫,"zhàngfū ",N,ㄓㄤˋ　ㄈㄨ,高-2297,2289
招呼(˙ㄏㄨ),招呼(˙ㄏㄨ),"zhāohu ",V,ㄓㄠ　˙ㄏㄨ,高-2298,2290
招手,招手,"zhāoshŏu ",V-sep,ㄓㄠ　ㄕㄡˇ,高-2299,2291
照,照,"zhào ",Adv,ㄓㄠˋ,高-2300,2292
照常,照常,"zhàocháng ",Vs,ㄓㄠˋ　ㄔㄤˊ,高-2301,2293
召開,召開,"zhàokāi ",V,ㄓㄠˋ　ㄎㄞ,高-2302,2294
折,折,"zhé ",V,ㄓㄜˊ,高-2303,2295
折合,折合,"zhéhé ",Vst,ㄓㄜˊ　ㄏㄜˊ,高-2304,2296
折扣,折扣,"zhékòu ",N,ㄓㄜˊ　ㄎㄡˋ,高-2305,2297
折磨,折磨,"zhémó ",V,ㄓㄜˊ　ㄇㄛˊ,高-2306,2298
者,者,"zhě ",N,ㄓㄜˇ,高-2307,2299
針,針,"zhēn ",N,ㄓㄣ,高-2308,2300
針對,針對,"zhēnduì ",Prep,ㄓㄣ　ㄉㄨㄟˋ,高-2309,2301
偵探,偵探,"zhēntàn ",N,ㄓㄣ　ㄊㄢˋ,高-2310,2302
珍惜,珍惜,"zhēnxí ",Vst,ㄓㄣ　ㄒㄧˊ,高-2311,2303
珍珠,珍珠,"zhēnzhū ",N,ㄓㄣ　ㄓㄨ,高-2312,2304
真心,真心,"zhēnxīn ",N,ㄓㄣ　ㄒㄧㄣ,高-2313,2305
枕頭(˙ㄊㄡ),枕頭(˙ㄊㄡ),"zhěntou ",N,ㄓㄣˇ　˙ㄊㄡ,高-2314,2306
陣,陣,"zhèn ",M,ㄓㄣˋ,高-2315,2307
陣子,陣子,"zhènzi ",N,ㄓㄣˋ　˙ㄗ,高-2316,2308
震動,震動,"zhèndòng ",Vi,ㄓㄣˋ　ㄉㄨㄥˋ,高-2317,2309
爭,爭,"zhēng ",V,ㄓㄥ,高-2318,2310
爭論,爭論,"zhēnglùn ",V,ㄓㄥ　ㄌㄨㄣˋ,高-2319,2311
爭取,爭取,"zhēngqŭ ",V,ㄓㄥ　ㄑㄩˇ,高-2320,2312
睜,睜,"zhēng ",V,ㄓㄥ,高-2321,2313
徵求,徵求,"zhēngqiú ",V,ㄓㄥ　ㄑㄧㄡˊ,高-2322,2314
正月,正月,"zhēngyuè ",N,ㄓㄥ　ㄩㄝˋ,高-2323,2315
整,整,"zhěng ",N,ㄓㄥˇ,高-2324,2316
整,整,"zhěng ",Vs,ㄓㄥˇ,高-2325,2317
整潔,整潔,"zhěngjié ",Vs,ㄓㄥˇ　ㄐㄧㄝˊ,高-2326,2318
整數,整數,"zhěngshù ",N,ㄓㄥˇ　ㄕㄨˋ,高-2327,2319
正,正,"zhèng ",Vs,ㄓㄥˋ,高-2328,2320
正方形,正方形,"zhèngfāngxíng ",N,ㄓㄥˋ　ㄈㄤ　ㄒㄧㄥˊ,高-2329,2321
正規,正規,"zhèngguī ",Vs-attr,ㄓㄥˋ　ㄍㄨㄟ,高-2330,2322
正好,正好,"zhènghăo ",Adv,ㄓㄥˋ　ㄏㄠˇ,高-2331,2323
正好,正好,"zhènghăo ",Vs,ㄓㄥˋ　ㄏㄠˇ,高-2332,2324
正經(˙ㄐㄧㄥ),正經(˙ㄐㄧㄥ),"zhèngjing ",Vs,ㄓㄥˋ　˙ㄐㄧㄥ,高-2333,2325
正面,正面,"zhèngmiàn ",N,ㄓㄥˋ　ㄇㄧㄢˋ,高-2334,2326
政策,政策,"zhèngcè ",N,ㄓㄥˋ　ㄘㄜˋ,高-2335,2327
政黨,政黨,"zhèngdăng ",N,ㄓㄥˋ　ㄉㄤˇ,高-2336,2328
政府,政府,"zhèngfŭ ",N,ㄓㄥˋ　ㄈㄨˇ,高-2337,2329
證件,證件,"zhèngjiàn ",N,ㄓㄥˋ　ㄐㄧㄢˋ,高-2338,2330
證據,證據,"zhèngjù ",N,ㄓㄥˋ　ㄐㄩˋ,高-2339,2331
證明,證明,"zhèngmíng ",N,ㄓㄥˋ　ㄇㄧㄥˊ,高-2340,2332
證實,證實,"zhèngshí ",Vpt,ㄓㄥˋ　ㄕˊ,高-2341,2333
症狀,症狀,"zhèngzhuàng ",N,ㄓㄥˋ　ㄓㄨㄤˋ,高-2342,2334
之,之,"zhī ",N,ㄓ,高-2343,2335
之,之,"zhī ",Ptc,ㄓ,高-2344,2336
之間,之間,"zhījiān ",N,ㄓㄐㄧㄢ,高-2346,2337
之類,之類,"zhīlèi ",N,ㄓㄌㄟˋ,高-2347,2338
支,支,zhī,M,ㄓ,高-2349,2339
支持,支持,"zhīchí ",V,ㄓ　ㄔˊ,高-2350,2340
支出,支出,"zhīchū ",Vpt,ㄓ　ㄔㄨ,高-2351,2341
支票,支票,"zhīpiào ",N,ㄓ　ㄆㄧㄠˋ,高-2352,2342
支援,支援,"zhīyuán ",V,ㄓ　ㄩㄢˊ,高-2353,2343
直,直,"zhí ",Adv,ㄓˊ,高-2354,2344
直接,直接,"zhíjiē ",Vs,ㄓˊ　ㄐㄧㄝ,高-2355,2345
直線,直線,"zhíxiàn ",Adv,ㄓˊ　ㄒㄧㄢˋ,高-2356,2346
值,值,"zhí ",Vst,ㄓˊ,高-2357,2347
擲,擲,"zhí ",V,ㄓˊ,高-2358,2348
職位,職位,"zhíwèi ",N,ㄓˊ　ㄨㄟˋ,高-2359,2349
執行,執行,"zhíxíng ",V,ㄓˊ　ㄒㄧㄥˊ,高-2360,2350
止,止,"zhǐ ",Vs,ㄓˇ,高-2361,2351
只,只,zhĭ,M,ㄓˇ,高-2362,2352
只是,只是,"zhĭshì ",Adv,ㄓˇ　ㄕˋ,高-2363,2353
指,指,"zhĭ ",V,ㄓˇ,高-2364,2354
指出,指出,"zhĭchū ",Vpt,ㄓˇ　ㄔㄨ,高-2365,2355
指導,指導,"zhĭdăo ",V,ㄓˇ　ㄉㄠˇ,高-2366,2356
指定,指定,"zhĭdìng ",V,ㄓˇ　ㄉㄧㄥˋ,高-2367,2357
指示,指示,"zhĭshì ",N,ㄓˇ　ㄕˋ,高-2368,2358
指示,指示,"zhĭshì ",V,ㄓˇ　ㄕˋ,高-2369,2359
指責,指責,"zhǐzé ",V,ㄓˇ　ㄗㄜˊ,高-2370,2360
紙張,紙張,"zhĭzhāng ",N,ㄓˇ　ㄓㄤ,高-2371,2361
治,治,"zhì ",V,ㄓˋ,高-2372,2362
至,至,"zhì ",V,ㄓˋ,高-2373,2363
制定,制定,"zhìdìng ",V,ㄓˋ　ㄉㄧㄥˋ,高-2374,2364
制止,制止,zhìzhĭ,V,ㄓˋ　ㄓˇ,高-2375,2365
志氣,志氣,"zhìqì ",N,ㄓˋ　ㄑㄧˋ,高-2376,2366
志願,志願,"zhìyuàn ",N,ㄓˋ　ㄩㄢˋ,高-2377,2367
秩序,秩序,"zhìxù ",N,ㄓˋ　ㄒㄩˋ,高-2378,2368
製造,製造,"zhìzào ",V,ㄓˋ　ㄗㄠˋ,高-2379,2369
製作,製作,"zhìzuò ",V,ㄓˋ　ㄗㄨㄛˋ,高-2380,2370
中,中,"zhōng ",Vs-attr,ㄓㄨㄥ,高-2381,2371
中級,中級,"zhōngjí ",N,ㄓㄨㄥ　ㄐㄧˊ,高-2382,2372
中年,中年,"zhōngnián ",N,ㄓㄨㄥ　ㄋㄧㄢˊ,高-2383,2373
中途,中途,"zhōngtú ",N,ㄓㄨㄥ　ㄊㄨˊ,高-2384,2374
中央,中央,"zhōngyāng ",N,ㄓㄨㄥ　ㄧㄤ,高-2385,2375
中藥,中藥,"zhōngyào ",N,ㄓㄨㄥ　ㄧㄠˋ,高-2386,2376
腫,腫,"zhŏng ",Vs,ㄓㄨㄥˇ,高-2387,2377
種類,種類,"zhŏnglèi ",N,ㄓㄨㄥˇ　ㄌㄟˋ,高-2388,2378
種子,種子,"zhŏngzĭ ",N,ㄓㄨㄥˇ　ㄗˇ,高-2389,2379
種族,種族,"zhŏngzú ",N,ㄓㄨㄥˇ　ㄗㄨˊ,高-2390,2380
中,中,"zhòng ",Vp,ㄓㄨㄥˋ,高-2391,2381
中毒,中毒,"zhòngdú ",Vp-sep,ㄓㄨㄥˋ　ㄉㄨˊ,高-2392,2382
重,重,"zhòng ",Vst,ㄓㄨㄥˋ,高-2393,2383
重大,重大,"zhòngdà ",Vs,ㄓㄨㄥˋ　ㄉㄚˋ,高-2394,2384
重量,重量,"zhòngliàng ",N,ㄓㄨㄥˋ　ㄌㄧㄤˋ,高-2395,2385
重傷,重傷,"zhòngshāng ",N,ㄓㄨㄥˋ　ㄕㄤ,高-2396,2386
重傷,重傷,"zhòngshāng ",Vs,ㄓㄨㄥˋ　ㄕㄤ,高-2397,2387
重心,重心,"zhòngxīn ",N,ㄓㄨㄥˋ　ㄒㄧㄣ,高-2398,2388
州,州,"zhōu ",N,ㄓㄡ,高-2399,2389
周/週,周,"zhōu ",M,ㄓㄡ,高-2400,2390
周到,周到,"zhōudào ",Vs,ㄓㄡ　ㄉㄠˋ,高-2401,2391
粥,粥,"zhōu ",N,ㄓㄡ,高-2402,2392
竹(子),竹,zhú(zi),N,ㄓㄨˊ,高-2403,2393
逐漸,逐漸,"zhújiàn ",Adv,ㄓㄨˊ　ㄐㄧㄢˋ,高-2404,2394
主辦,主辦,"zhŭbàn ",V,ㄓㄨˇ　ㄅㄢˋ,高-2405,2395
主持,主持,"zhŭchí ",V,ㄓㄨˇ　ㄔˊ,高-2406,2396
主觀,主觀,"zhŭguān ",Vs,ㄓㄨˇ　ㄍㄨㄢ,高-2407,2397
主角,主角,zhŭjiăo/jué,N,ㄓㄨˇ　ㄐㄩㄝˊ　/ㄐㄧㄠˇ,高-2408,2398
主席,主席,"zhŭxí ",N,ㄓㄨˇ　ㄒㄧˊ,高-2409,2399
主張,主張,"zhŭzhāng ",N,ㄓㄨˇ　ㄓㄤ,高-2410,2400
主張,主張,"zhŭzhāng ",V,ㄓㄨˇ　ㄓㄤ,高-2411,2401
祝賀,祝賀,"zhùhè ",V,ㄓㄨˋ　ㄏㄜˋ,高-2412,2402
住院,住院,"zhùyuàn ",V-sep,ㄓㄨˋ　ㄩㄢˋ,高-2413,2403
住宅,住宅,"zhùzhái ",N,ㄓㄨˋ　ㄓㄞˊ,高-2414,2404
住址,住址,zhùzhĭ,N,ㄓㄨˋ　ㄓˇ,高-2415,2405
注射,注射,"zhùshè ",V,ㄓㄨˋ　ㄕㄜˋ,高-2416,2406
註冊,註冊,"zhùcè ",V-sep,ㄓㄨˋ　ㄘㄜˋ,高-2417,2407
專家,專家,"zhuānjiā ",N,ㄓㄨㄢ　ㄐㄧㄚ,高-2418,2408
專利,專利,"zhuānlì ",N,ㄓㄨㄢ　ㄌㄧˋ,高-2419,2409
專門,專門,"zhuānmén ",Vs,ㄓㄨㄢ　ㄇㄣˊ,高-2420,2410
專人,專人,"zhuānrén ",N,ㄓㄨㄢ　ㄖㄣˊ,高-2421,2411
專業,專業,"zhuānyè ",N,ㄓㄨㄢ　ㄧㄝˋ,高-2422,2412
轉,轉,"zhuăn ",V,ㄓㄨㄢˇ,高-2423,2413
轉變,轉變,"zhuănbiàn ",Vpt,ㄓㄨㄢˇ　ㄅㄧㄢˋ,高-2424,2414
轉播,轉播,"zhuănbò ",V,ㄓㄨㄢˇ　ㄅㄛˋ,高-2425,2415
轉達,轉達,"zhuăndá ",V,ㄓㄨㄢˇ　ㄉㄚˊ,高-2426,2416
轉告,轉告,"zhuăngào ",V,ㄓㄨㄢˇ　ㄍㄠˋ,高-2427,2417
轉機,轉機,"zhuănjī ",Vi,ㄓㄨㄢˇ　ㄐㄧ,高-2428,2418
轉身,轉身,"zhuănshēn ",Vi,ㄓㄨㄢˇ　ㄕㄣ,高-2429,2419
轉向,轉向,"zhuănxiàng ",V,ㄓㄨㄢˇ　ㄒㄧㄤˋ,高-2430,2420
轉,轉,"zhuàn ",Vp,ㄓㄨㄢˋ,高-2431,2421
賺,賺,"zhuàn ",V,ㄓㄨㄢˋ,高-2432,2422
裝飾,裝飾,"zhuāngshì ",V,ㄓㄨㄤ　ㄕˋ,高-2433,2423
壯,壯,"zhuàng ",Vs,ㄓㄨㄤˋ,高-2434,2424
撞,撞,"zhuàng ",V,ㄓㄨㄤˋ,高-2435,2425
狀況,狀況,"zhuàngkuàng ",N,ㄓㄨㄤˋ　ㄎㄨㄤˋ,高-2436,2426
追,追,"zhuī ",V,ㄓㄨㄟ,高-2437,2427
准,准,"zhŭn ",V,ㄓㄨㄣˇ,高-2438,2428
准考證/証,准考證,"zhŭnkăozhèng ",N,ㄓㄨㄣˇ　ㄎㄠˇ　ㄓㄥˋ,高-2439,2429
準,準,"zhŭn ",Vs,ㄓㄨㄣˇ,高-2440,2430
準確,準確,"zhŭnquè ",Vs,ㄓㄨㄣˇ　ㄑㄩㄝˋ,高-2441,2431
捉,捉,"zhuō ",V,ㄓㄨㄛ,高-2442,2432
桌,桌,"zhuō ",M,ㄓㄨㄛ,高-2443,2433
資本,資本,"zīběn ",N,ㄗ　ㄅㄣˇ,高-2444,2434
資格,資格,"zīgé ",N,ㄗ　ㄍㄜˊ,高-2445,2435
資金,資金,"zījīn ",N,ㄗ　ㄐㄧㄣ,高-2446,2436
資訊,資訊,"zīxùn ",N,ㄗ　ㄒㄩㄣˋ,高-2447,2437
紫,紫,"zĭ ",Vs-attr,ㄗˇ,高-2448,2438
子女,子女,"zĭnǚ ",N,ㄗˇ　ㄋㄩˇ,高-2449,2439
字幕,字幕,"zìmù ",N,ㄗˋ　ㄇㄨˋ,高-2450,2440
字母,字母,"zìmŭ ",N,ㄗˋ　ㄇㄨˇ,高-2451,2441
自來水,自來水,zìláishuĭ,N,ㄗˋ　ㄌㄞˊ　ㄕㄨㄟˇ,高-2452,2442
自然,自然,"zìrán ",N,ㄗˋ　ㄖㄢˊ,高-2453,2443
自私,自私,"zìsī ",Vs,ㄗˋ　ㄙ,高-2454,2444
自我,自我,"zìwǒ ",N,ㄗˋ　ㄨㄛˇ,高-2455,2445
自信,自信,"zìxìn ",Vs,ㄗˋ　ㄒㄧㄣˋ,高-2456,2446
自願,自願,"zìyuàn ",Vs,ㄗˋ　ㄩㄢˋ,高-2457,2447
自主,自主,"zìzhŭ ",Vs,ㄗˋ　ㄓㄨˇ,高-2458,2448
總,總,"zǒng ",Adv,ㄗㄨㄥˇ,高-2459,2449
總共,總共,"zǒnggòng ",Adv,ㄗㄨㄥˇ　ㄍㄨㄥˋ,高-2460,2450
總理,總理,"zǒnglĭ ",N,ㄗㄨㄥˇ　ㄌㄧˇ,高-2461,2451
綜合,綜合,"zònghé ",V,ㄗㄨㄥˋ　ㄏㄜˊ,高-2462,2452
綜合,綜合,"zònghé ",Vs-attr,ㄗㄨㄥˋ　ㄏㄜˊ,高-2463,2453
走道,走道,"zǒudào ",N,ㄗㄡˇ　ㄉㄠˋ,高-2464,2454
走私,走私,"zǒusī ",V,ㄗㄡˇ　ㄙ,高-2465,2455
足,足,zú,Vs,ㄗㄨˊ,高-2466,2456
足以,足以,"zúyĭ ",Vaux,ㄗㄨˊ　ㄧˇ,高-2467,2457
組,組,"zŭ ",V,ㄗㄨˇ,高-2468,2458
組織,組織,"zŭzhī ",N,ㄗㄨˇ　ㄓ,高-2469,2459
阻礙,阻礙,"zŭài ",V,ㄗㄨˇ　ㄞˋ,高-2470,2460
阻止,阻止,zŭzhĭ,V,ㄗㄨˇ　ㄓˇ,高-2471,2461
祖國,祖國,"zŭguó ",N,ㄗㄨˇ　ㄍㄨㄛˊ,高-2472,2462
鑽,鑽,"zuān ",V,ㄗㄨㄢ,高-2473,2463
鑽石,鑽石,zuànshí,N,ㄗㄨㄢˋ　ㄕˊ,高-2474,2464
罪,罪,"zuì ",N,ㄗㄨㄟˋ,高-2475,2465
最少,最少,"zuìshăo ",Adv,ㄗㄨㄟˋ　ㄕㄠˇ,高-2476,2466
遵守,遵守,"zūnshŏu ",Vst,ㄗㄨㄣ　ㄕㄡˇ,高-2477,2467
尊重,尊重,"zūnzhòng ",Vst,ㄗㄨㄣ　ㄓㄨㄥˋ,高-2478,2468
左右,左右,"zuŏyòu ",N,ㄗㄨㄛˇ　ㄧㄡˋ,高-2479,2469
左右,左右,"zuŏyòu ",V,ㄗㄨㄛˇ　ㄧㄡˋ,高-2480,2470
作,作,"zuò ",V,ㄗㄨㄛˋ,高-2481,2471
作家,作家,"zuòjiā ",N,ㄗㄨㄛˋ　ㄐㄧㄚ,高-2482,2472
作為,作為,"zuòwéi ",Vst,ㄗㄨㄛˋ　ㄨㄟˊ,高-2483,2473
作文,作文,"zuòwén ",N,ㄗㄨㄛˋ　ㄨㄣˊ,高-2484,2474
作文,作文,"zuòwén ",Vi,ㄗㄨㄛˋ　ㄨㄣˊ,高-2485,2475
作用,作用,"zuòyòng ",N,ㄗㄨㄛˋ　ㄩㄥˋ,高-2486,2476
做,做,"zuò ",V,ㄗㄨㄛˋ,高-2487,2477
做客,做客,"zuòkè ",Vi,ㄗㄨㄛˋ　ㄎㄜˋ,高-2488,2478
